address_id,city,state_province,postal_code,country
5555,North Derrickmouth,Sevilla*,2944,Slovénie
5938,Husum,Idaho,PH0 6RX,Rwanda
5060,,,  00000  ,United Kingdom
5693,Sarahport,TASMANIA,  J4P 6M9  ,Komoren
5407,Fürstenwalde,Texas,DA0P 5PX,Dschibuti
5592,Lake William,Nordrhein-Westfalen,N9L 5Y8,Saudi Arabia
"Hughes fall""",Suite 417,-40.968742,-121.635849,
5796,,Tokyo,,DM
6232,Bersenbrück,Arizona,K8A 4S8,Malte
6055,Burgos,North Carolina,30825,Gambia
5636,Colinboeuf,Indiana,60431,Uganda
"Martin route""",,-85.8143635,24.810201,True
  5072  ,Paulineborough,Schleswig-Holstein,2926,Mayotte
6176,Reginaland,Montana,37584,Polynésie française
5185%,  Annfort  ,Schleswig-Holstein,  13272  ,  Sudán del Sur  
6357,Santa Cruz de Tenerife,Valladolid,L3 4YS,Tansania
6442,Greeneland,Utah,PE83 4PT,Cambodia
5957,Thompsontown,Victoria,2976,Iran
5954,Lake Tabithafurt,Victoria,2536,Grèce
5206,Starnberg,Victoria,22641,Botsuana
5525,Unknown,Las Palmas,,Saint-Kitts et Nevis
5183,Saint Lucy,Western Australia,33495,Côte d'Ivoire
5254,Pontevedra,Toledo,Y9X2B8,  Sweden  
5789,Michelletown,Mecklenburg-Vorpommern,97167,Amerikanisch-Samoa
5053!,New Derek,Huesca,92617,Japon
6358,New Kevinmouth,New South Wales,12452,Angola
5740,Sömmerda,,2623,Bouvet Island (Bouvetoya)
5654,North Christopher,South Australia,L1T 3GP,Etiopía
"O'Sullivan heights""",Studio 4,52.418659,  171.565711  ,
5518,Pottsview,Connecticut,65590,Dominique
 ,,,,
5215,  Sullivanborough  ,West Virginia,18489,Guatemala
5445,Lake Glennchester,Nevada,2924,Belize
5762,Ávila,Alicante,26571,Yemen
5331,bethanyberg,Northern Territory,66513,Malasia
6054,Hohenmölsen,Baden-Württemberg,L2J 2G5,Papua New Guinea
,,,,
5037,West Jasmine,Asturias,49361,Dominique
5210,  LEJEUNE-LA-FORÊT  ,AL,,
6351,Lake Jenniferbury,Missouri,17395,República Democrática del Congo
,Unknown,,,
5585,Toledo?,Tasmania,2952,South Africa
5049,Schwäbisch Hall,maryland,29889,Mozambique
6449,North Wendy,Utah,31537,Iceland
6291,Palencia,Colorado,18095,Laos
5898,Pettyport,Queensland,53452,Gabon
5844,Port Jamesport,Baden-Württemberg,38173,Iran
6280,München,,75001,
5147,Zaragoza,Tarragona,49192,Ghana
5272,Giraud,West Virginia,19975,  Bermudes (Les)  
5032,Neustadt am Rübenberge,Western Australia,70143,Puerto Rico
"Field summit""",Piso 5,,,  True  
5622,Boulay,Victoria,89177,Bermuda
  5327  ,Port Kevinmouth,Australian Capital Territory,41138,Palestinian Territory
5022,St. Robertshire,Victoria,2993,Palau
5588,Woodsburgh,Bremen,64421,Inde
5737,Davismouth,bayern,E9 1UB,Sudan
5345,lecomte-sur-guillon,North Dakota,38407,Israel
5262,Euskirchen,Delaware,61434,Suriname
5225,,New Mexico,,Arménie
6202,Aue,Santa Cruz de Tenerife,32314,Kuwait
"Lydia oval""",,,,True
6192,Brianaside,Florida,A4X 8L7,Ouzbékistan
"Taylor falls""",Apt. 842,,,False
6483,Peterhaven,Hamburg,64260,Tokelau
5219,Travishaven,Sachsen,G0J 7XB,Géorgie du Sud et Sandwich du Sud (Îles)
5461,Thomasside,Ciudad,B21 6AS,Austria
  5320  ,São Paulo,,75001,
6315,JÜLICH,CÁCERES,99620,Corée du Nord
6161,Reneetown,Bremen,ST1 4FA,Ireland
6209,South Jerryhaven,New South Wales,Y4G8K3,Aruba
5019,Sainte Hortense-sur-Mer,Bayern,08835,  Bangladesh  
5471,South Dustin,Tasmania,05715,Letonia
6370,Burg,Hamburg,5744,Sweden
5727,Ciudad,Álava,2214,Tanzanie
5375,Unknown,Montana,,Brasilien
6062,Rodriguezchester,New Mexico,2626,Cuba
5603,Scottbury,Tasmania,18498,British Virgin Islands
5797,Lake Paul,Victoria,28989,Finnland
5731,West Gregoryborough,Baden-Württemberg,97321,Central African Republic
"Catherine throughway""",,14.496073,52.143818,
6066,West Leigh,Vizcaya,X8R 1L3,Tunisia
5059,Toledo,  Maine  ,39460,Morocco
  5228  ,Navarra,Hessen,9663,Saint Barthelemy
6160,East Jamesburgh,,75001,  Unknown  
5530,Bouvier,Hessen,6026,Sudáfrica
5664,Parsberg#,Mecklenburg-Vorpommern,25642,Reunion
6452,Hatfieldton,Australian Capital Territory,54381,Latvia
5637,West Christopherbury,Hamburg,2685,Lituania
5379,East Tina,Bayern,J7A2J5,MALTE
5563,Alicante,Burgos,72315,Lesotho
5370,West Russellbury,Ávila,35966,Guinée
5212,Bazin,Valladolid,NR87 5XX,El Salvador
5172%,Brendamouth,New Mexico,83652,Niger
5236,Ambermouth,Wyoming,20959,Gibraltar
5768,East Charlenefurt,Thüringen,44916,Turkmenistan
5088,Lake Catherine,Rheinland-Pfalz,62588,Ghana
"Smith court""",Suite 696,-2.1046175,-12.112456,
6227,Toledo,Sevilla,AB0 2AX,Papua New Guinea
5779,Port James,Rheinland-Pfalz,08876,Tajikistan
"Cameron radial""",,-6.5856405,93.284074,TRUE
6126,Jeanport,  Northern Territory  ,T2X9V9,Cambodge
5982,  Bad Langensalza  ,RHEINLAND-PFALZ,18278,Croatia
5162,Lopezfurt,  Hamburg  ,  2147  ,Estonia
"Graham skyway""",,55.344111,136.606974,FALSE
5229,La Rioja,New South Wales,M17 4ZU,Gibraltar
5395,ceuta,Delaware,47717,Mayotte
"Morris trafficway""",,-16.323982,144.288305,False
6251,New Aliciahaven,La Coruña,B6 1ZS,Angola
6167,angelaview,Las Palmas,35389,Samoa
5796,  Zamora  ,  Ceuta  &,13751,Vietnam
5166,Saint Capucine-sur-Mer,Valencia,8508,Congo
6114,  Tarragona  ,Castellón,45735,Cote d'Ivoire
6276,Málaga,Tasmania,39981,Liberia
5473,Philippe-sur-Garnier,Tasmania,02727,Iraq
5961,Hunterside,Missouri,L1M 3N9,Libia
5068,Chaseland,LLEIDA,70910,Usbekistan
5457,BlanchardVille@,Australian Capital Territory,IP25 3RE,Chile
5949,Moulinboeuf,Sachsen,46419,Saint Kitts and Nevis
6154,New Frankbury,Berlin,2936,Jordan
5048,  Aschaffenburg  ,Cuenca,74678,Timor-Leste
5543,las palmas,Córdoba,35669,Saint Lucia
"Quinn wells""",Studio 31,73.9473305,-110.628045,
5762,Ávila,Alicante,26571,Yemen
5117,Kristenmouth,Ceuta,S2H5R4,Bahrain
5113,New Andreatown,North Dakota,84086,Dinamarca
5548,León,Thüringen,14758,  Grenada  
5939,Churchton,Tasmania,90170,Nigeria
5571,Gaudinboeuf,Teruel,E9H7S2,Albania
5482,  East Donaldview  ,New South Wales*,65282,Kenya
5302,Barrymouth,Maine,2898,Syrie
5477,Watsonstad,La Rioja,43261,St. Pierre und Miquelon
5119%,Josephberg,Hawaii,2864,Slovenia
6108%,Lawrencemouth,La Coruña,N21 9UB,Reunion
6076,  Michaelshire  ,León,50358,Cocos (Îles)
5205,Madrid,Pontevedra,66277,  Kazakhstan  
5846,Ueckermünde,Tarragona,70550,Venezuela
6349,Penaland,Cádiz,65904,armenia
5546,Smithside,New South Wales,39456,Seychelles
5920,new ellieshire,,  SW1A 1AA  ,
5423,Batesbury,Queensland,SN1B 0GP,  Seychelles  
6029,Ceuta,Berlin,00912,Andorra
5822,Port Davidburgh*,Ceuta,63384,Chad
  5960  ,,,00000,GB
5480,123,Australian Capital Territory,,
6027,Zamora,South Australia,14885,Sonderverwaltungszone Hongkong
5716,West Sam,Sachsen,06431,Belize
5401,West Michele,La Coruña,G8 7DR,Eritrea
5341,Millerfort,Tasmania,36694,Bhutan
5847,Vangbury,Tarragona,46541,Barbados
  6463  ,Tuckerhaven,Alicante,R1Y4X2,  TOGO  
5357,Smithmouth,Bayern,37505,Ukraine
6324,Jaén,Northern Territory,H9X 1H2,Danemark
5674,Hamburg,Delaware,L2T 1J8,American Samoa
5566,Lauraberg,Schleswig-Holstein,2647,Palestinian Territory
5462,New Theodore,Schleswig-Holstein,  43260  ,Algerien
5299,Lüneburg,  Lugo  ,46655,Brasil
6464,Port Kathleen,Bremen,87469,Holy See (Vatican City State)
5763,Halberstadt,Australian Capital Territory,76464,Guyana
  5522  ,North Michaelchester,Cuenca,27181,Tajikistan
6037@,South James,Valencia,43410,Tunisie
6069,Bridgesstad,Córdoba,2902,Türkei
,,,,
6186,West Adrian,Cáceres,E1F 2JF,Cameroun
5708,León,South Australia,2692,United Arab Emirates
"Hyde ford""",,-54.992229,  -152.43369  ,True
5154,Rehau,Queensland%,33258,Guadeloupe
"Donald rapids""",Flat 8,,,
5805,matthewton,Victoria,94286,Bermuda
5377,Wurzen,Murcia,85579,Bangladesch
5179,Josephton,Idaho,03585,GUYANA
5498,Andrewview,Hawaii,95790,Tunisia
"Kirsty springs""",Apt. 882,-63.1584765,0.215404,
5980,ávila,,880,
6011,Kennethside,Utah,2325,Mongolia
5487,Karenland,Cáceres,67525,Namibia
5145,Guipúzcoa,Wisconsin,41383,Liechtenstein
5931,Clareport,South Australia,  2671  ,Gabon
"Porter plains""",Apt. 852,-14.68244,132.763115,
,,,,United States
5497,Janiceport,Connecticut,W4W 2PD,Colombia
5152,East Joshuaberg,Cantabria,80657,Suède
5866,Lake Christopherbury,Baden-Württemberg,30295,Guinée
5130,Lesliemouth,Navarra,15686,Ethiopia
5528,Donaueschingen,Iowa,  86300  ,Colombia
5458,Saraport,Brandenburg,P1L3C3,Cameroon
5328,Shawmouth,South Australia,J9V4C5,Australia
5689,Port Denise,New South Wales,3192,Niue
5418,Córdoba,león,21416,Falkland Islands (Malvinas)
5663,New Jennifer,Bayern,2693,Afghanistan
6045,Walkerton123,Sachsen-Anhalt,16942,España
6451,Cloppenburg,Schleswig-Holstein,PH0 2FJ,Liberia
6432,  Amyberg  ,Australian Capital Territory,2620,Nicaragua
5208,Guillon,SOUTH AUSTRALIA,  SL5R 3RR  ,Botswana
6129,  Markhaven  ,Guadalajara,V3P5E8,Falkland Islands (Malvinas)
6179,Garcialand,Baleares,E94 2NT,Turks- und Caicosinseln
5688,Briantown,North Dakota,98042,Uruguay
"Jones courts""",Studio 8,78.317029,-141.925899,False
5315,madelinetown,South Australia,S2N4H3,Djibouti
5741,  WEST JENNIFER  ,Mississippi,R8X4L3,Iceland
6378,North Jennifershire,Baden-Württemberg,09529,Jemen
6080,,,,USA
5534,New David,Brandenburg,15767,Thailand
5766,South Carly,Mecklenburg-Vorpommern,53801,Argentina
5448,Wittmund,Mecklenburg-Vorpommern,39611,Norfolk Island
5307,Mikeborough,Texas,G9P3T9,British Virgin Islands
6303,Berlin,West Virginia,PA5 1DZ,St. Barthélemy
5430,South Darlenehaven,  australian capital territory  ,73686,Falkland Islands (Malvinas)
5290,West Brianton,Baleares,SG8R 9JD,Saint Pierre and Miquelon
"Norman squares""",Flat 2,-63.8833135,148.149403,
6478,Luckenwalde,California,Y3R4G1,Myanmar
5394,East Karenport,Melilla,B6T 7X8,Jersey
5013,Saint AnneBourg,Australian Capital Territory,11529,Niue
6081,Lake Melissamouth,Tasmania,23756,Madagaskar
6120,LEEBURY,,100-0001,
5877,Martinberg,  Sachsen  ,DE1R 3QT,Malta
6196,Charrier,Maryland,  97455  ,Colombia
5138,Castellón,Victoria,K2V 4R8,Norwegen
5159,Bushchester,Victoria,E5 3SX,Vietnam
5055,Baleares123,Florida,47456,Fiji
  5605  ,la coruña123,Minnesota,c4s2m7,Andorra
6170,South Gavinfort!,MS,00000,CAN
5155,Lake Samanthaborough,Tasmania,50029,Vereinigte Staaten
6070,Almería,Western Australia,2649,  Burkina Faso  
6388,Salamanca,Baleares,N2P7V7,Federación de Rusia
6480,Stephenstad,,M5H 2N2,
5190,Lake Johnmouth,Tasmania,39560,日本
5995,Berlin,HESSEN,4900,lao people's democratic republic
5908,richardborough,Álava,37025,Oman
5985,Paulaport,Córdoba,49430,Argentina
5017,West Jasonbury,Minnesota,37692,Madagascar
5422,Crosbyfort,Washington,2929,Rwanda
6331,Foleyfurt,Western Australia,N3 4ZY,Botswana
6007,North Danielshire,Mecklenburg-Vorpommern,CM13 1EW,Ghana
6389,Teruel,Ciudad,a7a 2t6,French Guiana
5971,Baleares,Baleares,T5J4L1,  Djibouti  
5930,East Kennethburgh,Victoria,XXXXX,US
6228*,Shawfurt,Australian Capital Territory,35636,Saint Pierre et Miquelon
5665,stevenberg,  Santa Cruz de Tenerife  ,9297,日本
5081,Morrisonchester,western australia,B5P1S2,Philippinen
,,,,
5923,Antoniochester,Tasmania,V7J 5B7,Comores
5182,East Josemouth,  Virginia  ,45428,Soudan
5744,Vidaldan,Georgia,43410,Togo
5134,Moreno,Zamora,B1E 2T3,Korea
6199,Gifhorn,Álava,49502,nicaragua
6261,Millschester,Victoria,01592,Mauritania
5330,Ourense123,NC,,Canada
6285,Da Silva,Queensland,2986,Myanmar
5999,South Benjaminville,Oregon,58912,Marruecos
6153,FournierBourg,Western Australia,9367,Niger
6421,Rogerchester,Pennsylvania,2668,Solomon Islands
5816,Álava,Lugo,28080,Norfolkinsel
6485,Murcia!,Barcelona,4527,Marshall Islands
6347,Lake Jennaborough,Toledo,3418,Guinea
5790,Joyceberg,Mississippi,01147,Mauritius
6204,Ourense,queensland,  32465  ,Porto Rico
5686,Richardsonchester,Virginia,88477,Namibia
5125,UNKNOWN,Badajoz,,Saint Helena
  5862  ,East Nathanside,Albacete,2649,China
5876,Mirandachester,South Carolina,48248,Zimbabwe
5942,Stevenburgh,Mississippi,87486,Pakistán
5727,,Bavaria,,ER
5508,Webbburgh,South Australia,41157,Lettland
5695,Málaga,Cantabria,S8V 7E7,British Indian Ocean Territory (Chagos Archipelago)
5831,Brendaside,Virginia,97199,Turquía
5892,Asturias,Pontevedra,W2U 5NB,Benin
5507,Guilbert,Barcelona,RH2M 0UZ,El Salvador
5629,Joanneborough,Tasmania,57184,Turkmenistan
6109,Shieldsberg,La Coruña&,17682,  Guinea  
6240@,Albacete,,100-0001,1
6470,kamenz,VIC,99999,
5043,Gérarddan,Huelva,T4N7J4,Malasia
5531,Pontevedra,Sevilla,66551,Ethiopia
"Wilson island""",Apt. 765,4.4851495,91.465258,False
5223,Roger-la-Forêt,Rheinland-Pfalz,71694,Norfolk Island
5006,Port Gail,Pontevedra,50933,Nepal
6061,East Joel,Ávila,78080,Hong Kong
6337,Maréchal,Brandenburg,FK7 1RX,Turkey
5334,Wolfach,Victoria,E23 7SL,República Unida de Tanzanía
5139,Hunterhaven,Las Palmas!,18892,Belize
5891,Vaughnfort,New South Wales,9800,Israel
5899,East Kennethberg,Hessen,27931,Bulgarien
6024,Henryville,Western Australia,B9T 2S1,South Georgia and the South Sandwich Islands
6342,Chartier,León,2695,Somalia
5696,Angermünde,Michigan,92383,Jersey
5536,Perrin,Nordrhein-Westfalen,M4 7JG,Wallis and Futuna
  5203  ,Barnesview,Mecklenburg-Vorpommern,88133,Maldives
6091,Lake Kristi,SOUTH AUSTRALIA,43690,Sahara Occidental
5539,St. Lisa,Girona,E83 6DU,Ouganda
6059,Jacksonmouth,Florida,2990,Uruguay
5760,South Roy,,SW1A 1AA,
5077,Delitzsch,  Minnesota  ,43933,Demokratische Volksrepublik Korea
5972,Germersheim,Victoria,67738,Madagascar
5310,Wernigerode,Barcelona,39481,Belize
5809,  Greenwoodborough  ,Australian Capital Territory,H7G 3J2,Kuwait
5420,,,,
5671,South Lindaborough,South Australia,46203,Falklandinseln
5767,Angermünde,  Queensland  ,02741,Argelia
5947,Bruchsal,Queensland,38004,MEXIQUE
6352,Roussel-sur-Roche,Murcia,S7A 4GE,Uzbekistan
 ,null%,,, 
5374,Huesca,  Queensland  ,54668,ARMENIA
5644,Pageside,Victoria,HU3P 6TT,Zambia
5643,North Deborahfort#,Girona,73794,North Macedonia
5746,Burglengenfeld,Queensland,2137,Martinique
  6217  ,Prenzlau,Mecklenburg-Vorpommern,K5X 3H7,Palestinian Territory
5905,Brianview,Queensland,11316,Svalbard & Jan Mayen Islands
6284,Bellside,Illinois,2154,Sierra Leona
"Emma wall""",Apt. 035,-41.3491345,130.261564,True
5807,Claireton,Valencia,12277,ÉRYTHRÉE
5660#,,,XXXXX,United Kingdom
5278,East Johnland,Bayern,V8T 6X7,South Georgia and the South Sandwich Islands
6293,Kronach,Sevilla,H4J6M7,Martinique
5124,Lagarde-sur-Bruneau,Western Australia,  T6X1G8  ,French Polynesia
6269,Lake Carlyburgh,Almería,2959,Fiji
5953,Almería,La Coruña,89542,Swaziland
5889,Tarragona,Western Australia,x5h8c8,Puerto Rico
5990,North Sandra?,Tennessee,,Canada
5086,West Jamesside,Bremen,98182,Niger
  5232  ,Maldonadoport,Hamburg,88147,Haiti
"Damian roads""",,,,True
5344,Vincent-sur-Mer,Australian Capital Territory,B74 7SE,Armenia
6211,Las Palmas,Soria,48123,Palau
"Margaret branch""",Suite 946,,,
5509,  Elizabethfurt  ,Tarragona,08034,Israel
5157,Sainte Guyboeuf,Kansas,  H8C1N5  ,Egypt
6036,SeguinVille,Sevilla,48869,Französisch-Polynesien
6023,  St. Carol  ,Virginia,CH61 0XW,Slovakia (Slovak Republic)
6140,,,XXXXX,can
6394,Cathyborough,Lleida,34607,Liberia
6332,East Tinastad,hessen,31981,Peru
6038,Ludwigslust,Almería,89775,Equatorial Guinea
"Cameron village""",,-41.4325965,-67.226032,
5570,Valdezfurt,Vizcaya,,UK
5992,Beeskow!,Teruel,39201,Vietnam
5814,EMMENDINGEN,Victoria,98884,Australia
  5410  ,West Victor!,Northern Territory,2670,  Uzbekistan  
5085,Keyfort,Vizcaya,5125,Bahrain
5409,Lake Kathleen,Thüringen,44423,New Caledonia
5886,Ellisburgh,Rheinland-Pfalz,29070,North Macedonia
5353,Renaud,Sachsen,44259,Bosnia and Herzegovina
5149,MenardBourg,Badajoz,  10161  ,American Samoa
5052,jourdan,South Dakota,31426,Heard- und McDonald-Inseln
6259,Leroux,Australian Capital Territory,31305,Porto Rico
5783&,  Jeffreyview  ,Baden-Württemberg,2617,Gabon
5662,Heinsberg,Zamora,N6J4G4,Francia
5431,La Coruña,Asturias,74651,  Südgeorgien und die Südlichen Sandwichinseln  
5143,NEW ABBIECHESTER,Tasmania,SR54 9QE,Roumanie
6181,Turnerville,Baleares,38853,Chile
5261,Magdeburg,Niedersachsen,73738,Vanuatu
"Kathryn fort""",,,,
5532,Denisebury,Zamora,2689,Camerún
6472,West Karen,Tasmania,ST91 1DB,Mikronesien
5551,Port Reginald,Brandenburg,2924,Guinée
6380,,,XXXXX,US
5346,Rivasfort,Santa Cruz de Tenerife,N6B 3T4,Azerbaiyán
5266,Port Jamesland,Málaga,63764,Cap Vert
"RUSSELL DIVIDE""",Apt. 307,-58.9055135,-13.043177,
  5470  ,Stevenside,Badajoz,24129,Bolivien
6406,Saint Sylvie-les-Bains,Sachsen,47688,St. Lucia
"Marcus common""",,,,True
5752,Grimmen,Schleswig-Holstein,L7G 9TL,  Eritrea  
5040,Brownhaven,,100-0001,Unknown
5618,  Pontevedra  ,Alicante,14704,Somalia
5517,North Matthewview,Tasmania,04892,Costa Rica
6466,Hildesheim,Colorado,75297,Austria
5469,Mayen,Rheinland-Pfalz,S5X 1T1,Sudan
5168,  Ceuta  ,Queensland,X8A3A3,Sénégal
6343,Port Leigh,Wisconsin,B1E 0ZT,Indonesia
"Gibbons spring""",,,,
  5011  ,South Georginaville,Tennessee,02195,Fiji
"Joanne circle""",,-18.8100965,64.280759,False
5791,North Victoria,Baden-Württemberg,22957,  Lettonie  
5648,Iqbalchester,Western Australia,31271,  Australia  
"Thompson brooks""",Puerta 5,30.080149,84.015415,False
5268,Saint Élodieboeuf,Niedersachsen,TR4W 2DN,Vierges (Îles)
5963,North Jasonstad,Valladolid,19953,United States Minor Outlying Islands
6395,Ryanstad!,Sachsen,EH1 7HY,Andorra
5833,Fallingbostel,Palencia,2619,Malawi
6025,,New South Wales,,Myanmar
6104,Bersenbrück,Baden-Württemberg,LU8 0HR,Italie
6495,Hubbardview,  Cantabria  ,67726,  St. Lucia  
6311,North Mary,Idaho,68004,Cape Verde
5011,,Bavaria,,KE
5684,Sainte Daniel,Western Australia,Y2B9L8,United Arab Emirates
5589,Saint Agathedan,Ourense,83350,Niue
5545,Richard,Alaska&,35508,Macao
5439!,Lake Justinfort,Nevada,  77881  ,American Samoa
6006,Wismar,Missouri,71512,  Vanuatu  
5924,Eisenberg,Saarland,21670,Chili
6274,Lake Madeline,Asturias,2920,Comoros
5288,Mathewport,Almería,58517,Guyana
6112!,Crailsheim,Wisconsin,64693,Greenland
5946,Sondershausen,Cádiz,41791,Guyana
5559,Rachaelburgh,Baden-Württemberg,60138,Saint Lucia
  6425  ,123,Western Australia,,Россия
5501,Lake Christopher,Santa Cruz de Tenerife,36404,Réunion
5739,Greifswald,Álava,53656,Cook (Îles)
6412,Scotthaven,Lleida,38997,INDONÉSIE
5562,Hechingen,Missouri,  24295  ,  Czech Republic  
6060,SAINT NATHALIEBOURG,,28351,Serbia
6247,  East Gillianview  ,Queensland,33209,turkménistan
5608,West Diana,Brandenburg,2920,Tansania
5754&,Port Gregory,Madrid,14454,Spain
6266,South Amyhaven,Valencia,H5G 7J2,French Southern Territories
  5415  ,Wallerstad,Madrid*,s7b 3e4,Mauricio
6439,Kimberlymouth,Sachsen-Anhalt,12899,Kiribati
5574,Malchin,Illinois,33410,Marshall (Îles)
5499,Navarroside,THÜRINGEN,T5A6P9,Suecia
5293,Albacete,Ávila,01447,Vanuatu
5673,Port Anthonyton,Louisiana,40274,Hong Kong
5813,Pritzwalk,Northern Territory,06329,Senegal
6194,Thompsonfort,Álava,DA5 0JH,Palestinian Territory
"Ross vista""",Suite 828,-84.562626,-104.933929,False
6156,Lake Jenniferborough,Nordrhein-Westfalen,86722,Yougoslavie
5338,Pontevedra,Zamora,V3G6L5,  Belize  
5932,Port Desiree,León,T1L 5J4,Iraq
6078,West Davidborough,Vizcaya,15500,Austria
5945,fernandes,Brandenburg,42782,Malasia
6273,Valencia,Badajoz,7496,Libyan Arab Jamahiriya
5609,Hofgeismar,Sevilla,66629,Vatican (Etat du)
5863,North Andrew,Vermont,49572,Hong Kong
6237,East Mckenzieport,Alicante,85892,Singapore
6097,Lake Graememouth,Brandenburg,35118,Francia
5074,Huet,ávila,A6N 3E3,France
6246,Cynthiastad,Kansas,04164,Burundi
5421,Zaragoza,Alabama,2992,Netherlands
5591,East Timothymouth,New Mexico,L9 4YA,Koweit
6026,Berchtesgaden,Salamanca,39521,Azerbaijan
5623,South Jeffreybury,Queensland,2672,  French Polynesia  
5785,East Terrystad,Queensland,E2T8Y1,Thailand
6215,East Michaelfurt!,Zaragoza,54215,Montenegro
5183,123,  Bavaria  ,,IT
5082,Ourense,Tasmania,2944,Brazil
5333,New Donnaville,Thüringen,31706,Brunei
5194,Laurent,Schleswig-Holstein,2143,Malaysia
5999,SOUTH BENJAMINVILLE,Oregon,58912,Marruecos
  5874  ,Guadalajara,Victoria,98481,Samoa
5096,Teruel,Western Australia,P5Y2L9,Ukraine
5544,LefebvreVille,Ávila,47185,United States Minor Outlying Islands
5104,Lisaborough,Arizona,2961,Australie
5639,Cantabria,Australian Capital Territory,2911,Denmark
5381,Sulzbach-Rosenberg,Álava,2256,madagascar
6032,Ryanstad,Sachsen-Anhalt,31315,Cambodia
5080,São Paulo,,  75001  ,
5624,Witzenhausen,Saarland,18272,Heard Island and McDonald Islands
6166,Cáceres,Mecklenburg-Vorpommern,42915,Australie
5718,Badajoz,Nordrhein-Westfalen,67173,Santa Lucía
6083,Mccoyburgh,  Rheinland-Pfalz  ,87941,United Arab Emirates
6418,Richardshire,Álava,39294,Papua-Neuguinea
5725,Unknown,Sachsen,,  Norfolk (Îles)  
6098,Vizcaya,Kansas,47940,Montserrat
5873,Lake Marcus,Ciudad,18359,Barbados
5679,Saint Pierre-les-Bains,Tasmania,2619,Saint Martin
5453,Cynthiastad,Berlin,26945,  Niue  
5358,West Eric,Schleswig-Holstein,34154,Saint Martin
5978,córdoba,Brandenburg*,18424,Eritrea
5910,SCHMITTVILLE,WESTERN AUSTRALIA,IG9,
"David heights""",,,,
5204,Dakotahaven,Niedersachsen,69683,Honduras
6465,South Aaronhaven,Madrid,07735,chile
5072&,,Quebec,,
5906,South Shelbystad,Northern Territory,10908,Saint Lucia
  6188  ,Neustadt am Rübenberge,Rhode Island,31432,Équateur
5170,jacobhaven,Australian Capital Territory,40323,  Panama  
  5111  ,South Ashley,Western Australia,83801,Equatorial Guinea
5756,Bayreuth,Washington,HD6 8NN,Cayman Islands
5355&,West Jessica,Huelva,2688,Namibia
6476,Russellmouth,Western Australia,L3P 7G8,  Malta  
5787,Kurtshire,Washington,N0C 4WB,Botswana
5573,Michaelmouth,Western Australia,  10532  ,Holy See (Vatican City State)
6471,Chevalier-la-Forêt,  Bayern  ,  08316  ,Israel
5180,,,,CA
6369,  North Marioton  ,Western Australia,C3G3A1,Saint Kitts and Nevis
5670,Grimmen,Sachsen,M53 4RE,Guinea
5795,Ginashire,Alaska,24825,Kuwait
5075,,Wyoming,,Dominica
  5820  ,Francoland,,49635,Puerto Rico
5191,Port Joshuaview,Northern Territory,32105,Lao People's Democratic Republic
5321,Campbellport,Ceuta,52397,Malta
5090#,Clairefurt!,Bayern,,US
5164,Port Jamesberg,Rheinland-Pfalz,  16868  ,Togo
6376,Lunabury,Teruel,31217,Chile
  5774  ,Girona,Australian Capital Territory,49269,Niederländische Antillen
6267,West Christianport,New South Wales,50644,KROATIEN
"Webster plain""",,39.664058,-63.793962,False
5399,Port Jacobville,Schleswig-Holstein,12182,Sweden
6173,Sevilla,Idaho,64971,Japon
5392,Zamora,Tasmania,M2 3DU,Suecia
5367,Lemaire,Nordrhein-Westfalen,M3V3A7,VIETNAM
  5628  ,GOTHA,Northern Territory,  85620  ,Saint Lucia
5360,,,,U.S.A.
5474,Fabreboeuf,  Queensland  ,55044,Tchad
5263,Williammouth,Delaware,56990,Cuba
5524,Anthonystad,Rhode Island,23034,Ghana
6329,Voisin,La Rioja,07681,Monaco
5391,Watersville,Hessen,K3P9P7,Australien
6138,West Nicolebury,Soria,38565,Argentina
6020,,,,GB
6304,Jessicafort,Las Palmas,67442,St. Barthélemy
5292,Daniel,Delaware,s9h 3p8,Uzbekistan
5962,Berthelot-sur-Aubert,Michigan,2938,Émirats arabes unis
5511,Hillburgh,HESSEN,X3C6H6,Saint Barthelemy
5248,Lemonnier,Missouri,84639,Equatorial Guinea
6187,West Christopherside,Schleswig-Holstein,15333,Tuvalu
5336,León,  Sachsen-Anhalt  &,03220,Tonga
5845,ChauveauVille,Lleida,37120,  Bhutan  
5309,RHODESLAND,Cantabria,2949,Maroc
5793,Ponsnec,Cantabria,97394,Anguilla
5970,Gibsonview,Ceuta,24994,Falklandinseln
5940,West Gregoryfort,,2733,Libye
5337,Segovia,Western Australia,43015,Afghanistan
5994,  Port Jasonfort  ,Georgia,51559,Puerto Rico
5601,Lake Barbara,Melilla,46389,Südgeorgien und die Südlichen Sandwichinseln
5691,Segovia,  Queensland  ,66394,Sierra Leone
5110,Fergusonstad123,Niedersachsen,T6E4V6,Isle of Man
5436,Dustinbury,Baden-Württemberg,49935,Honduras
5305,South Edward*,Australian Capital Territory,Y6G7V8,Polen
5619,Sevilla&,Indiana,23124,Ägypten
5915,Dresden,Texas@,29304,Líbano
"Adams forks  """,,37.1113245,16.159217,True
5582,Aschaffenburg,Mecklenburg-Vorpommern,W1F 9RX,Turquie
6314,  Saint AstridBourg  ,Segovia,0810,  Ukraine  
  5169  ,  Stephenborough  ,Granada,91085,Pitcairn (Îles)
6460,Dos Santos,,76096,Tonga
6082,Calau,Western Australia,2992,Moldova
6294,East Malloryview,Victoria,  62318  ,Túnez
6135,Stephanieville,  Berlin  ,54855,United States of America
6018,Badajoz,Vizcaya,E8C 3AS,Gambia
"Gary pines""",,-15.5823255,45.365224,
6233,La Coruña,Las Palmas,2587,Indonesia
6454,Palencia,Bayern,DN56 7UU,Qatar
6189,Gütersloh,Navarra,  2904  ,Ukraine
5371,Christopherville,South Australia,M12 6GB,Guinée Equatoriale
5209,Ávila,Sevilla,B6J 5BW,Denmark
5728,Sainte Inès,South Australia,08593,  Fiji  
6310,New Geraldport,Oklahoma,03814,Líbano
"Austin cove""",Piso 9,,,False
5646,Lynnburgh,Melilla,2657,Puerto Rico
"Jemma locks""",Apt. 26,-54.954387,81.287014,False
6177,Frostfurt,West Virginia,81876,Antilles néerlandaises
,,,,
  5171  ,Lake Amanda,Sevilla,  H5Y2H8  ,Saint Vincent and the Grenadines
5896,West Brandihaven,New South Wales,02911,Egypt
5615,Sandersview,Baden-Württemberg,84819,  Djibouti  
6298,  Kleinton  ,Ceuta,09128,Gabon
6467,Regensburg,Cáceres,92010,Demokratische Volksrepublik Korea
5318,Palencia,SAARLAND,L8K 1YA,Danemark
5580,Nördlingen,,68501,Togo
5806,Nolanmouth,Sachsen-Anhalt,AB2N 5NH,Malta
6475,,Hamburg,,Espagne
5631,Lake Jasmine,Cádiz,27453,Tunisia
5494,  Lopeztown  ,Sevilla,57460,British Indian Ocean Territory (Chagos Archipelago)
5584,Wanzleben,New Hampshire,2246,Uruguay
  5428  ,Port Sarahport,Segovia,G7T 4FH,Spain
5894,Dachau,South Dakota,M2 2FT,Guinea-Bissau
6072,Málaga,Guipúzcoa,N9U 6UH,Kazakhstan
"Scott burg""",,81.176047,-168.238609,False
6103,Toledo,South Australia,2920,Liberia
6093,Madrid,Brandenburg,53137,Palästinensische Gebiete
5247,Deanland,  West Virginia  ,32357,CAMEROUN
5599,Couturier,  WEST VIRGINIA  ,74596,Moldova
5956,Lake Shannonhaven,Tennessee,18458,Sierra Leone
5772,Córdoba,Saarland,56834,Mongolie
"Douglas points""",Studio 38,-79.17082,-50.023489,
,,,,
5314,East Stanleymouth,Tasmania,M5 5BN,Marshall Islands
5841,Smithside,Brandenburg,2632,Mozambique
6106,Santa Cruz de Tenerife,Georgia,A3L 4N8,Kiribati
5997,Sainte VictoireVille,Córdoba,S4B 5G5,Canadá
"Gareth junctions""",,-32.3739325,-35.110297,False
5153,NORTH LOUIS,South Australia,94157,Estados Unidos de América
5513,Kathleenbury,Idaho,61094,Argentina
5412,East Kathleen,Nevada,42336,New Caledonia
"Abdul wall""",,39.163278,13.049081,
6089,  Jameshaven  ,New South Wales,S00 1NN,Palau
6268,North Anthony,Western Australia!,63159,san marino
5817,La Rioja,Valladolid,01911,Hong Kong
6426,Port Sandra,Vizcaya,81114,estados unidos de américa
,,, ,
5521,South Henry,Massachusetts,M8G 2R2,El Salvador
5361,Maloneberg,South Dakota,66845,Algeria
5234,uffenheim,Florida,2685,Svalbard et Jan Mayen (Îles)
5465,west christopherport,Minnesota,19507,Macao
"Rita spring""",,,,True
5491,East Danielmouth,Ceuta,L5 0LB,Australia
6249,New Sian,Saarland,C1L2S4,Bhutan
5004,Eberswalde,Jaén,N1B 6K7,Bahrain
5610,  South Tiffanytown  ,Australian Capital Territory,16586,Indonesia
5576,Petitjean,Palencia,0995,Irlande
5519,Murcia,Soria,87066,Britische Jungferninseln
5751,West Austin,Victoria,11619,Congo
6171,Vazqueztown,Louisiana,78533,Niger
6048,Jacksonside,Hessen,  24873  ,Finlandia
5120,,,99999,CAN
6115,Shaneburgh,Zaragoza,2989,Rumania
5832,Lake Whitney,Massachusetts,12280,Equatorial Guinea
5446,Geithain,Florida,2143,Japan
5872,West Pauline,Northern Territory,78435,Ukraine
6101,Sainte MatthieuBourg,Illinois,66115,France
5089,South Katherine,Madrid,A9C8R4,Myanmar
5403,Port John,Lleida,2659,India
5148,Stevenville,Hawaii,45961,Sweden
5115,Cuenca,California,89025,Cote d'Ivoire
5285,Córdoba,New South Wales,R1R 5N5,España
"Kathryn lock""",Studio 71j,25.763751,149.620643,True
5709,Lake Oliver,Saarland,46448,United States of America
  5782  ,New Christopherland,Bayern,0228,Tunisia
6047,Sainte Raymond,Pennsylvania,G53 3GA,Ecuador
  6455  ,Erikachester,Alaska,22810,Taiwan
"Ball port""",Apt. 220,29.2182565,1.010698,True
6430,Raymondbury123,West Virginia,89249,Chine (Rép. pop.)
6255,Lake Alexanderhaven,Ceuta,41537,Cayman Islands
6110,Hallland,Madrid,,CA
6130,Gomezmouth,Georgia,WN4 1WY,Luxembourg
5402,South Caleb,Pontevedra,17176,Guinée-Bissau
5959,Ginafort,Saarland,64183,San Marino
5442,North Joann,Castellón,T6V 1B8,French Southern Territories
5893,New Billy,Queensland,CV0M 4LU,Palau
6272,Martinezview,Zamora,P9X9E2,Jersey
6325,,La Rioja,,Marshallinseln
6198,TARAPORT,Washington,6923,France
  6399  ,Moreau,tarragona,17996,Faroe Islands
6261,Millschester,Victoria,01592,Mauritania
6205,Säckingen,La Rioja,N3J 1X2,Slovakia (Slovak Republic)
5804,North Lisachester,Baden-Württemberg,B0 4QJ,Pitcairn (Îles)
5859,Brownside,Tasmania,79937,St. Pierre und Miquelon
5833,Fallingbostel,Palencia,2619,Malawi
6118,Morrisshire,ILLINOIS,28227,Afghanistan
5393,Madrid,Cádiz,X8V5V7,Vereinigtes Königreich
  5459  ,Port Sherry,Victoria,9788,Martinique
6004,Lake Abigail,Australian Capital Territory,A1J1J1,Mexico
5526,Guipúzcoa,Alicante,35470,palestinian territory
5538,Mccoyhaven,Virginia,06185,Tajikistan
  5441  ,Unknown,New South Wales,,JM
5274,Gonzalezmouth,Nordrhein-Westfalen,2961,Albanie
,123,,,
,,,,
6436,Myersshire,Álava,90386,  Gambie  
5363,Kemnath,Saarland,06757,Sudáfrica
5385,LLEIDA,Lleida,29056,Pakistan
5607,South Stevenchester,Barcelona,40535,Singapur
6344,  Meiningen  ,Vermont,J8A 4B6,Serbia
6407,East Katelynhaven,  Delaware  ,37855,Bhutan
6162,East Barry,Bayern,42380,Trinidad and Tobago
5835,Donaueschingen,COLORADO,2088,Nordmazedonien
6444,Altötting,CUENCA,2513,Togo
6484,North Elizabeth,western australia,96653,Côte d'Ivoire
6499,Lake Lindseyborough,Iowa,12594,Nauru
5193,Melle,Queensland,89964,Hong Kong
5047,Vaughnmouth,Hessen,2911,Hong Kong
5416,Grevesmühlen,Soria,EH9 0ED,Serbien
5390,  Cádiz  ,Australian Capital Territory,99999,United Kingdom
6127,Terryborough,Saarland,2937,Niger
5217,Helmstedt,Huelva,68109,Thailand
6457,  Grahamfort  ,  New South Wales  ,2651,Pologne
5855,Lleida#,Hamburg,X3H2M9,España
6044,New Antonio,Valladolid,B9H6P2,Oman
6064%,Pontevedra,Hamburg,06938,Turkmenistan
,,,,
5175,,Tasmania,,Bulgaria
5160,北京,,M5H 2N2,1
6328,Youngtown,Oregon,ST8 0ER,Egipto
5549,South Christina,Melilla,07464,Israel
  5825  ,,South Australia,,Tajikistan
5614,Jasonland,Wisconsin,2622,Swaziland
5308,Zaragoza,Guipúzcoa,70281,Anguilla
5735,SOUTH KYLEPORT,Albacete,37876,COLOMBIA
5843@,Castellón,Badajoz,W60 2JB,Gibraltar
5167,Madisonhaven,Santa Cruz de Tenerife,89783,Dominican Republic
6243,Lübeck,Castellón,2994,Guam
5091,South Michaelport,Missouri,57882,Féroé (Îles)
5294,Jenkinsburgh,Rhode Island,ME9B 5SA,Émirats arabes unis
5161,Burgos,Mississippi,56548,French Polynesia
5184,South Robertside,Colorado,40597,Pays-Bas
5887,New Bruce,Northern Territory,M51 0BY,Norway
5677,Stephensstad,Bremen,S6H8R6,Guyana
"Hopkins glen""",,-0.663588,166.530922,True
5196!,  Sainte Paulettedan  ,La Coruña,44301,Lebanon
6411,Huelva,New South Wales,57631,Togo
5279,Port Rickyview,South Australia,A3E8H6,Cuba
6377,Thomasmouth,Valladolid,38029,Argentine
5397,Nabburg,Western Australia,51536,Trinidad y Tabago
5714&,Kaufmanfurt,Pennsylvania,E4G4Y4,United Kingdom
6481,East Connieborough,New York,23670,Mauritius
6356,Valladolid,Hessen,IP84 8TR,Kyrgyz Republic
5335,Port Joditon,South Australia,49416,Äußeres Ozeanien
6258,Suhl,Nordrhein-Westfalen,82368,Bermudes (Les)
6262,Jourdan,Las Palmas,2650,Angola
6143,North Shawnberg,Western Australia,10616,Mozambique
"Henry squares""",Puerta 6,-8.452485,63.804578,True
6033,South Connormouth,Mecklenburg-Vorpommern,03894,Tuvalu
5221,Port Oliver,Mecklenburg-Vorpommern,55976,Congo
5440,Schleiz123,,100-0001,
5564,Anneshire,Massachusetts,  50267  ,Guadeloupe
5935,East Rickystad123,Australian Capital Territory,23181,Saint Pierre and Miquelon
5655,Göttingen,New South Wales,08730,Guatemala
6428,East Brandon,Berlin,01279,Guatemala
5084,Patriciaburgh,Tasmania,28224,Somalia
5964,Robinsonport,León,07614,Nicaragua
5105,port paul,Maryland,4686,Etiopía
"Ryan valleys""",,-85.8001135,-69.360771,
5324,Lake Karenfort,Cantabria,V9X6L9,Allemagne
5912,Rathenow,New South Wales,33308,Suriname
5542,Pontevedra,Soria,M4 6BX,Irlanda
5713,Lelièvre,Rheinland-Pfalz,82984,Rwanda
5227,Michaelview,South Australia,00513,Tanzanie
5269,Lisaside,Wisconsin,31519,  Bulgarie  
,Unknown,,,QA
5726,St. Mariachester,Pontevedra,29422,Rumania
"Byrne avenue""",,  -28.468997  ,-60.92153,False
5435,Humbert,Tasmania,29418,Anguilla
6409,West Stephen,Pontevedra,T4L 4A8,Eritrea
5436,Dustinbury,Baden-Württemberg,49935,Honduras
5884,North Michael,Arizona,53920,Montenegro
5199,Las Palmas,Australian Capital Territory,K6S 3L6,Kyrgyz Republic
5098,Lake Audreyside,  Idaho  ,2650,  Liechtenstein  
6253,Katiemouth,Lleida,E1T 4YA,Guinea
,,,,GB
5237,Port Sharonburgh,Illinois,64119,Bolivia
5955,Lake Tina,New South Wales,52791,Macédoine du Nord
,Unknown,,,GW
6216,  Augsburg  ,Hessen,L2P 6Y7,Kazakhstan
5224,Deniseview,Cuenca,2979,Liban
6034,Donaueschingen,Cádiz,66953,Aruba
5045,Soria!,Guadalajara,80913,Sambia
6433,Wurzen,Victoria,H6N 2P1,Zimbabwe
5042,Madrid,Niedersachsen,2917,Korea
5231,Jaén,Delaware,47837,Hungary
  6116  ,Segovia,Australian Capital Territory,G09 4AD,Nicaragua
5112,Port Elizabethtown,Barcelona,42333,Bangladesh
6477,West Adam,Queensland,1596,Qatar
5703,Cuenca,Queensland,2932,Azerbaïdjan
5859,Brownside,Tasmania,79937,St. Pierre und Miquelon
5479,Port Davidfurt,Victoria,S3K 9E2,Niger
6491,Greenfurt,Queensland,KW8 5XD,Mauritius
6286,New Jacqueline,Oregon,C1Y 4J5,Fiji
6301,Jamesland,Massachusetts,31879,Eslovaquia
5633,Mcfarlandside,Zamora,2619,Nepal
5028,Regen,Western Australia,52991,Costa Rica
6005,MasseBourg,Kentucky,53741,Afganistán
5067,  Burgos  ,Asturias,2614,Guatemala
6479*,Paul,Massachusetts,S0 2TN,Egypt
5694,Lemaire,Mecklenburg-Vorpommern,N2S 5JR,Saint Barthelemy
5590,Tirschenreuth,Queensland,  20948  ,Bermuda
  6366  ,Córdoba,Tasmania,G6X4A8,Senegal
6073,Ourense,Northern Territory,08729,Liechtenstein
5868,Anthonyshire,Cádiz,C1T4R3,WESTERN SAHARA
5975,123,Thüringen,,Morocco
5928,North Duncan,Arizona,S2M3R4,Arménie
5243,West Clifford,Oregon,5315,Niger
"Thomas valley""",,12.4205045,-149.976726,True
5855,Lleida#,Hamburg,X3H2M9,España
5749,PORT RHYS,Northern Territory,B3T1K2,Vereinigte Arabische Emirate
5834,Las Palmas,Queensland,99197,  Andorra  
5853,South Briannafurt,Teruel,  9231  ,Morocco
5883,Hannoversch Münden,Indiana,04520,Japan
5472,Laroche,Hamburg,04522,Ukraine
5856,  Baleares  ,Queensland,LD4V 9DT,United Arab Emirates
5016#,Kington,South Dakota,2800,Sierra Leone
"Moore creek""",Apt. 805,-55.789104,-14.50506,
5127,Geraldineland,Ohio,HG3 1LU,Pays-Bas
6134,Port Donaldland,Bremen,A5T3J1,Bhutan
6295,PATTERSONBURGH,Granada,10744,Senegal
6441,Teruel,Baleares,36623,Bangladesh
5271,  sainte thérèsebourg  ,Berlin,20799,Liechtenstein
6086,Ludwigslust,Queensland!,S06 7ZZ,Japon
5101,Stephanieport,Kentucky,30174,Iraq
6058,Roche-la-Forêt,Australian Capital Territory,22721,Costa Rica
"Marilyn branch""",,-86.3909565,171.717156,
5572,Katietown,Hamburg,S6A5T1,Bosnie-Herzégovine
6445,Heatherton,Queensland,86597,Myanmar
5858,Málaga,Virginia,26974,Lebanon
6210,Port Jamesbury123,Victoria,E1 2AB,Réunion
6241,New Kevinstad,Soria,33508,Australia
5023,Port David,Western Australia,79868,Ukraine
6335,Descampsdan,Michigan,27904,REPÚBLICA DE MOLDOVA
5192,East Abigail,Victoria,68513,Guernsey
5821,Port Heather,Albacete,07368,Korea
6297,thomasborough,Castellón,M7J9L7,Slowenien
5730,bischofswerda,New South Wales,01218,Bahrain
5723,,Bavaria,,LB
5969,Tracyland,Asturias!,44539,Marshall Islands
5645,Huesca,Hessen,2637,Mauritius
6021,East Frankborough,Rhode Island,9999,Belgium
5029,Davidborough,Pennsylvania,14919,Australia
6169,South Oliverfurt,South Australia,60704,Färöer
6087,South Lynne,Australian Capital Territory,  0261  ,Yemen
5066,Ciudad,Georgia,H3G 8C8,República de Moldova
6226,New Patrickhaven,Santa Cruz de Tenerife,2923,Comoras
5380,Olivier,,45432,Deutschland
5958,JEFFREYVIEW,Santa Cruz de Tenerife,74299,Kenya
6307,West Spencer,Bremen,25139,New Caledonia
5036,Pricemouth,Sachsen-Anhalt,E5J 2J3,China
,, ,,
5653,Ahaus,Zamora,30165,Montenegro
"Pauline heights""",,68.8633375,-147.107882,
6099,Flöha,Tasmania,23039,French Southern Territories
5018,Jaén,New Mexico,  W54 3AH  ,Greenland
5187,North Charlotte%,Sachsen,7346,French Polynesia
5046,south amanda,Northern Territory,S9 7YF,Kyrgyz Republic
6488,Alicante,Tasmania,M4S8X8,Anguilla
5625,,Berlin,,Brunei Darussalam
5921,Sainte ZoéVille,Thüringen,25781,Finland
5260,North Alexandrahaven,,  63895  ,Samoa
6088,Castellón,Thüringen,27202,Marshall (Îles)
5323,Thomasfurt,Málaga,T5E 8E8,Niue
6287,  Port Clifford  ,Queensland,V9P 7E7,États-Unis
6203*,Brendaland,Victoria,42665,Saint-Kitts et Nevis
5484,West Victoriafort,Hawaii,94360,Congo
5658,BURGOS,Queensland,02649,Latvia
5079,Kulmbach,Hamburg,2920,Uzbekistan
  5635  ,Patriciashire,Tasmania,80046,Guinea
  6031  ,Lake Michaelberg,Santa Cruz de Tenerife,88508,Saint Kitts y Nevis
  5965  ,  Bertrand-sur-Carlier  ,Cuenca,68652,Wallis and Futuna
6474,Batesberg!,Michigan,22750,Mayotte
6030,Guadalajara,Ciudad,43428,St. Barthélemy
6440,,,,CA
5986,South Tina,Kentucky,KT36 8EL,Grenada
5256,South Brittany,Western Australia,33279,Puerto Rico
5933,New Donald,  Florida  ,18122,Iran
6257,Valencia,Western Australia,78135,Samoa
5502,  Las Palmas  ,Ourense,23740,Bouvet Island (Bouvetoya)
6207,Millsside,Brandenburg,BL6E 6UG,El Salvador
6322,Ravensburg,South Australia,E1L 6T4,Kazakhstan
5480,,,,  CAN  
5916,Lake Jessicafort,Mississippi,C6H2C7,Grönland
5245,melle,Iowa,2926,Bulgaria
6447,  Raymond-sur-Petitjean  ,Niedersachsen,L2M1L8,  Mozambique  
6438,Siegen,Mecklenburg-Vorpommern,B7M3V6,Turks- und Caicosinseln
5468,GEOFFREYPORT,New South Wales,P3C8C5,Equatorial Guinea
6279,New Triciaburgh,New Jersey,0935,Ägypten
5987,Port Tylerview,Oregon!,M98 4PQ,Togo
5621,Lake Richardfort,Victoria,WF7 5TQ,Congo
"Kimberley inlet""",,,,
5296,North Joel,Cantabria,2681,Myanmar
6201,Navarra,Vermont,78061,Uganda
6219,Adam,Berlin,02528,Western Sahara
6344,Meiningen,Vermont,J8A 4B6,  Serbia  
5252,Port Stanleychester,Granada,0942,Ecuador
5325,,Western Australia,,Burkina Faso
5002,  Michel-sur-Guilbert  @,Victoria,PE40 6PL,Cuba
5617,Robertview,Berlin,13756,Syrien
5273,Bremen,Northern Territory,97191,Afganistán
6461,Hünfeld,Tasmania,2677,Lithuanie
6392,Holzminden,Valladolid,68876,Hong Kong
5486,New Gabrielborough,Las Palmas,  2609  ,Guadeloupe
6195,Michaud-les-Bains,New Hampshire,W4 9FF,Gabon
5014,Stewartland,New Jersey,  72202  ,Mauritania
"Lauren haven""",,27.624274,111.637921,
5230,South Charliemouth,Granada,33662,Kyrgyz Republic
6049,Cottbus,South Australia,18709,Central African Republic
,,,,
  6197  ,ClémentVille,Arkansas,29561,Cameroon
"Collins streets""",,,,False
5326,North Brittanyberg,Saarland,49631,Angola
5620,East Angela,,36866,Iran
5927,ST. JENNIFER,South Australia,33161,  Bosnia and Herzegovina  
6427,Sainte Marthe,Western Australia,61724,Chile
6360,São Paulo,,100-0001,Unknown
5632,Sainte StéphaneBourg,HAMBURG,66271,Luxembourg
5198,Grafenau,Illinois,55231,Niger
5659,Myersport,Mecklenburg-Vorpommern,PL76 2UB,Botswana
5758,West Jenniferview,Victoria,5136,South Georgia and the South Sandwich Islands
6065,LefebvreBourg,Salamanca,72293,French Southern Territories
5505,Ronaldchester,Lleida,73758,Seychelles
5312,Hansenmouth,Australian Capital Territory,01160,Estonia
5514,Sheltonbury,Northern Territory,8319,Norfolk Island
5794,Loweberg,Tasmania,73300,San Marino
  5101  ,Stephanieport,Kentucky,30174,Iraq
6441,Teruel,Baleares,36623,Bangladesh
5122,Allain,Australian Capital Territory,37416,Martinique
"Pearson cliffs""",,,,
5167,Madisonhaven,Santa Cruz de Tenerife,89783,Dominican Republic
,,, ,
5220,West Thomas123,,43474,Luxembourg
5799,West Laura,Mississippi,HA15 7EP,Islandia
5490,north terrychester,NIEDERSACHSEN,248,
6206,South Isaac,Rheinland-Pfalz,K7V 6P7,Luxembourg
5948,Gay,Murcia,2994,Bosnia and Herzegovina
5587,Córdoba,Australian Capital Territory,14871,Groenland
5647,Lake Coltonland#,Alaska,07415,Timor-Leste
5034,West Alexis,South Australia,07647,Ghana
5303,New Carolynborough,Tasmania,E7T 3PQ,Macao
5058,Port Christopherchester,West Virginia,28098,Guinée-Bissau
6341,Lake Meghanville,Valencia,50730,Montserrat
5130,Lesliemouth,Navarra,15686,Ethiopia
  6107  ,Stonefort,Rheinland-Pfalz,G5B9N5,Guinea
6379,New Grahamview,Connecticut,27311,Montenegro
5298,Palencia,  Lleida  ,S6K 7K4,Canada
5837,Jaén,Maryland,51193,Sri Lanka
5372,Almería,Queensland,40125,Émirats arabes unis
6410,Granada,AL,,USA
5634,New Luke,Valladolid,RG6 6RD,Anguilla
5476,Ávila,Colorado,96179,Bhoutan
5481,West Tonyastad,Queensland,43836,Georgia
6367,South Joshualand,Sachsen,2679,República Dominicana
  5257  ,Williamsburgh,Bremen,G06 4TN,Dominica
5133,Toledo,Santa Cruz de Tenerife,18636,eslovenia
5178,Pelletier,Girona,W3 5JA,  Paraguay  
5925,,South Australia,,Sao Tome and Principe
5455,berlin,New South Wales,2697,Kokosinseln
5015,Schongau,Texas,37346,Venezuela
5567,East Gail,Baden-Württemberg,2645,Latvia
5277,east roger,Oregon,2698,Isle of Man
6002,North Richardhaven,Victoria,93740,Syrian Arab Republic
5351,Maillet,Nevada,  03105  ,brazil
6278,Jesusmouth,Castellón,04455,  Érythrée  
5267,West Steventon,North Dakota,44187,Indien
6496,Rostock,Victoria,RM0 1GD,República Checa
5552,Thibault,Northern Territory,P8X 8L4,Vanuatu
5984,Robertsfurt,Texas,L7H 7AG,Norvège
5097,Lewisside,Niedersachsen,L3 8JJ,Bolivia
,,  NA  ,, 
5616,Danielmouth,Palencia,SM7M 8ED,Oman
6263,Böblingen,Queensland,1851,Burkina Faso
5443,port diane,Western Australia,2974,  Japan  
"Wade knoll""",Apt. 531 ,,,False
5174,North Amandastad,Massachusetts,35801,Andorra
6312,Asturias,Mecklenburg-Vorpommern,25379,Sri Lanka
5329,Kinghaven,Sevilla,36885,Turkmenistan
6327,Valencia,South Carolina,63534,Grenada
"Hammond knolls""",,-60.044655,36.521408,False
5340,Toledo,,62620,Estonia
5937,Segovia,Guadalajara,18068,Botswana
  6039  ,Valencia,WESTERN AUSTRALIA,20222,Bosnia and Herzegovina
5860,Tanguy,,99969,Marshall (Îles)
6184,Lake Michael,Bremen,13073,Northern Mariana Islands
6165,Cuenca,Hamburg,60950,Guinea-Bissau
5295,East Danielberg,Madrid,B05 3SL,Nicaragua
5189,  Lake Bryanborough  ,Minnesota,30661,Nicaragua
5483,Ebersberg,South Australia,23920,Niederlande
5880,Teruel123,,SW1A 1AA,
5359,Williamland,Saarland,53286,Etiopía
"Watson path""",Apt. 720,48.8747325,-134.485043,
5826,Alicante,Australian Capital Territory,49279,Malasia
6458,Millerburgh,Alicante,04647,Brésil
,,,,
5675,Unknown,New South Wales,,Philippines
6003,Gros,Cuenca,2182,Czech Republic
5993,Greifswald,castellón,N17 2GN,Estonia
5255,Kimport,Cáceres*,2929,Portugal
5733,Roberttown,Schleswig-Holstein,18075,Botswana
5405,Hildesheim!,  Madrid  ,  2318  ,Gambia
5475,,Jaén,,canada
6373,Marty,Oregon,E8 8QF,Denmark
5106,New Arthurton,Australian Capital Territory,2613,Danemark
  5347  ,Cáceres,  Vizcaya  ,2922,French Southern Territories
  5429  ,Saarbrücken,Burgos,30136,Gabon
6117,Hardy-sur-Gérard,Utah,2955,Bhután
6487,Bautzen,Rheinland-Pfalz,NG5 3BF,Mozambique
6218,Sarahchester,Pontevedra,14632,Suriname
,,,,United States
5922,Mahenec,Schleswig-Holstein,57416,Italy
5579,South Rachel,Rheinland-Pfalz,24801,Bolivien
6492,Ellisberg,Madrid,  W1F 5ZS  ,Palästinensische Gebiete
5547,West Abbieshire,Jaén,C9K5S8,United States of America
5864,Lake Sherry,New Mexico,Y6G5J7,República Unida de Tanzanía
5070,east kyle,nt,685,
5983,West Cameron,Virginia,82634,Mayotte
,    ,,,
5838,Roding,Sevilla,40953,  Bouvetinsel  
6229,François,Melilla,95805,Sudan
5382,Patelmouth,Montana,BT9 3SD,Congo
"Williams burg""",,,,True
5775,,Ávila,,Gibraltar
"Sean isle""",,44.335404,125.73807,
5683,East Jenniferville,Jaén,39705,Micronesia
5044,Madrid,Florida,75439,Brasil
5244,Huelva,La Rioja,08899,Etiopía
6384,Lake Annmouth,Niedersachsen,28736,Gambia
"Davis streets""",,-40.815994,6.165153,
6043,St. Paige,Michigan,04933,Isle of Man
6468,Brookemouth,Niedersachsen,50812,Guatemala
"William haven""",Suite 415,,,True
5165,Bakerfort123,Alicante,JE2 0RP,Färöer
  5386  ,Lake Natasha,Saarland,2919,Colombia
5069,Marchal,Nordrhein-Westfalen,0259,Somalia
5475,,Las Palmas,,日本
6289,Graceville,La Coruña,l9t 9e4,Argentina
5943,Madrid,Hamburg,2603,Yemen
5270,Singletonport!,Bremen,,U.S.A.
5798,Boulay,Vizcaya,43034,Panama
6040,北京,,SW1A 1AA,
5595,nguyenside,Queensland,64550,Guatemala
5682,West Roy,Santa Cruz de Tenerife,75142,Marokko
5885,Nauen,Bayern,46577,Lesotho
5558,St. Karen,Arizona,G2H 7G2,Kenya
5865!,Guipúzcoa,León,05884,Angola
5823%,Mainburg,Palencia,54547,Bulgaria
"Smith way""",,,,True
5078,Bad Freienwalde,  Hessen  ,26645,Germany
5020,Warendorf,,S5N9R3,Italy
5818,Ciudad,Queensland,38985,Corée du Nord
5424,Ourense,Tennessee,R4Y4S5,French Guiana
6074,Sainte Léon,New South Wales,71826,Iran
5057,Konstanz,Schleswig-Holstein,77540,South Africa
5911,Vazquezbury,Mecklenburg-Vorpommern,s61 0ur,United States of America
5577,Lake Tommystad,Indiana,44577,Cape Verde
5408,South Jasonstad,Hamburg,53210,Indonesien
6456,Lippstadt,New Jersey,40681,Jersey
5615,Sandersview,baden-württemberg,84819,Djibouti
5711,  Cookmouth  ,Rheinland-Pfalz,B8X8E7,Panamá
6013,Granada,Toledo,40538,Deutschland
"Cooper burg""",Apt. 530,44.0085055,156.039058,
6283,Gifhorn,Baden-Württemberg,76511,Slowakei
5687,  North Ashley  ,Western Australia,84712,Jordanie
5177,Reynaud,Queensland,  46184  ,Oman
  5322  ,Saint Guynec,Tarragona,14859,Bahrain
6151,  Barkerport  ,West Virginia,G8G 3HA,Colombia
6296,Port Kathrynmouth,Pontevedra,  J9A 6M3  ,Turquía
5753,Ravensburg,La Coruña,08283,  Camerún  
5417,Badajoz,Bremen,R3M 8A1,Bangladesh
6253,Katiemouth,Lleida,E1T 4YA,Guinea
5456,East Kayla,Bremen,01851,Burundi
5213,  Saint Amélie  ,Colorado,10524,Vanuatu
5888,West Christina,Maine,75988,Gibraltar
6440,,,,CA
6119,Dachau,León,2903,Wallis and Futuna
5732,Lewisborough,Vizcaya,95814,Samoa
"Graham flat""",Apt. 730,5.407722,176.793798,
6396,North Erica,Missouri,9719,Costa Rica
5071,Sevilla,Bremen,48257,Cocos (Keeling) Islands
5871,Nathanton,Sachsen-Anhalt,34147,Afghanistan
5108,South Kevin,Western Australia,  74214  ,Israel
6420,South Traci,,06780,Barbados
6124,Girona,Northern Territory,DT9M 1FE,Saint Barthelemy
5053,New Derek,Huesca,92617,Japon
5667,Christophermouth,New York,4086,Sudan
5842,Cuenca,Murcia,90624,Lesotho
"Brown village""",Apt. 413,-23.351462,174.968919,False
5998,BURGOS,PENNSYLVANIA,  T7V1H4  ,Dominica
5176,East Stacy,Albacete,G30 1QB,Turkey
6175,#,Maine,,Sweden
6105,Fosterchester@,Mississippi,17444,Montenegro
5698,Rileyfurt,Castellón,E6 7FR,Santo Tomé y Príncipe
5918,Sullivanshire,Castellón,22124,Liechtenstein
6043,St. Paige,Michigan,04933,Isle of Man
5869,Tuckerport,Texas,74692,Belice
5717,West Victoriatown,Cádiz,17996,Tajikistan
,123,,,1
6242,Jefferymouth,Louisiana,2608,Portugal
6338,Madrid,Thüringen,S3R 9B5,Philippinen
5702,Bad Freienwalde,  Huesca  ,30461,Russian Federation
5642,New Elliott,Delaware,68809,Demokratische Republik Kongo
6017,East Terry,  Hessen  ,M9S 3R2,  Benin  
6393,Miesbach,tasmania,2920,Maldives
5485,Fabre,Brandenburg,N2 1FL,Liberia
5784,Kronach,Hawaii,89716,Seychelles
5102%,South Carl,Valencia,47525,  NAURU  
5561,North Ianland,Tasmania,80120,croacia
5606,  Port Gerald  ,Northern Territory,H4A 5V7,Kamerun
5836,New Tonya,Schleswig-Holstein,71161,bahamas
6137,Port Alyssaland,Murcia,20401,Chipre
  5437  ,East Louisfurt,Tasmania,49581,St. Vincent und die Grenadinen
5926,Chrétien,South Australia,  M7K5L1  ,Slovénie
5909,Baxterburgh,New South Wales,N2T 7J1,Groenland
5901,Sevilla,Córdoba#,N32 7GQ,Aruba
,,,,CAN
5824,East Ritaport,Kansas,16844,Nicaragua
5989,Abbottfort,  Álava  ,17454,Djibouti
5776,Roger,New South Wales,M26 9XB,Nigeria
5202,Walkershire,Bremen,3816,Macao
5438,South Kirsty,Bayern,39672,Guinea
6152,Fritzchester,Asturias,18792,San Marino
6419,Deschamps,Western Australia,86692,Gibraltar
6012,North Christopherburgh,Northern Territory,94742,Bangladesh
6193,West Clive,South Australia,01885,  Falkland Islands (Malvinas)  
5144#,Jamesshire,Mecklenburg-Vorpommern,2979,Sierra Leone
5158,  Costachester  ,Jaén,E3V8K2,Argentina
5027,Jasonmouth,Sachsen,L1C9V1,Czech Republic
  5289  ,Bethanfurt,South Dakota,71732,Congo
6319,Murphystad,Zaragoza,W88 6QS,Vereinigte Arabische Emirate
6096,Wernigerode,Massachusetts,30615,  Faroe Islands  
,,,,VC
5007,Vizcaya,Brandenburg,H5T9A3,  Yougoslavie  
6234,Kochburgh,La Coruña,G2G 6TW,  Togo  
6183,Godard-la-Forêt,Sachsen-Anhalt,7489,Djibouti
,,,,
5065,Richardbury,PALENCIA,8164,Israel
"Melanie pass""",,3.7847095,166.519556,
5870,Brownview,SA,,U.S.A.
6275,,Niedersachsen,,Antigua et Barbuda
5803,Lake Michelleshire,Zamora,30476,Lesotho
  5389  ,  Wismar  ,Castellón,2650,Algeria
6163,Baleares,South Australia,39314,Morocco
5062,Almería,northern territory,  41490  ,Peru
5556,Garethchester,Madrid,18652,Tonga
6277,Marilynchester,New South Wales,  47085  ,  Romania  
"Barnes rapid""",,-34.189802,117.887509,
5218,South Lee,South Australia,SL3R 3JL,Denmark
6145,Lake Clayton,Salamanca,86998,Finnland
5612,Davidstad,Schleswig-Holstein,9182,Svalbard & Jan Mayen Islands
5384,Pamelaland,Australian Capital Territory,29961,Gabon
5771,Grahamton,Delaware,60030,Vatican (Etat du)
"Richard lights""",Studio 71u,-32.862587,-85.774777,
5699,Pichon-sur-Mer,Bremen,96263,Germany
5451,Eckernförde,Valladolid,49675,Liberia
5114,West Lydia,Tennessee,43591,Argentina
5496,Calau,New South Wales,05178,Fidji (République des)
5259,Baudry-sur-Guilbert,Western Australia,01455,Svalbard & Jan Mayen Islands
6365,BERGER,Teruel,04182,  Solomon Islands  
  6042  ,Lemoine,Idaho,98014,Philippines
6084,North Ian,Schleswig-Holstein,2239,Pakistan
5093,Rossidan,Thüringen,02090,Greenland
5449,Hernandez,Valladolid*,G0C 6XL,República de Macedonia del Norte
5188,Vilsbiburg,Tasmania,58799,Senegal
5875,,Rheinland-Pfalz,,Guyana
6404,Annetteside,South Australia,69956,Comoros
5722,South Diana,Hamburg,2665,  Australia  
5569,Patrickburgh,Burgos,R5V7B3,Indonesia
5540,,,XXXXX,UK
5897,Grantstad,La Coruña,2163,Kenia
6223,Barcelona,soria,37932,Taiwan
6402,West Brianchester,Las Palmas,93514,sénégal
5419,Morrisonview,Lugo,23087,Kiribati
5316,Baileystad,Western Australia,66881,  China  
5668,North Dawnbury,Alicante,29205,FEDERACIÓN DE RUSIA
5251,Danielsborough,Queensland,10051,  Portugal  
6256,Normanddan,Álava,2925,Rwanda
5509,Elizabethfurt,Tarragona,08034,Israel
5981,Brownville,Oregon,E0D 9UN,Oman
5425,,Queensland,,Indonesia
5352,Lake Taratown,Western Australia,36831,Sierra Leone
6437,Lisachester,Badajoz,15255,Qatar
5638,Bennettborough,Córdoba,02741,Kirgisistan
5242,Danielview,New South Wales,  60842  ,Cape Verde
5575,,Niedersachsen,,Ireland
5583,Wayneport,Alaska,W7D 3GT,Philippines
5413,Jacksonmouth,Málaga,94543,Comoras
5253,Jackfurt,Lugo,L30 0LS,Samoa
5095,Osterode am Harz,Tasmania,86527,日本
5404,New Katiemouth,León,DL8 7AD,  San Marino  
6282,West Jessica,Guadalajara,E5Y 5E5,French Polynesia
5535,  Koblenz  ,Schleswig-Holstein,M1D 7PB,Martinique
6313,Russellchester,South Australia,E2Y3H7,Turkménistan
6022,Lydiaton,Brandenburg,82391,Sierra Leona
5819,port kristen,New South Wales,37784,Somalia
5778,New Lindaberg,Palencia,24509,Royaume-Uni
"Allen key""",Flat 30 ,39.36685,48.682208,True
5116,Zamora,North Carolina,  01631  ,Netherlands
6309,Munoz,Hawaii,48438,sri lanka
5611,Lemaire-la-Forêt,  Rheinland-Pfalz  ,HR7 1PW,Bahrain
6230,Davischester,NT,99999,United States
6009,Da Costa,Florida,82238,Nepal
6493,Sainte Gabriel-la-Forêt,Nordrhein-Westfalen,73790,Nigeria
6292,North Tabithaborough,Schleswig-Holstein,44635,Lesotho
5801,BRANDONVIEW,New South Wales,B8P 7H9,Qatar
5854,Galvantown,SCHLESWIG-HOLSTEIN,KA4E 1FE,Austria
"Sharon key""",Puerta 6,,,
6414,Christinaburgh,Louisiana,C7P8N5,Djibouti
"Patel estates""",,,,True
6254,Lake Tina,Lugo,89394,Bolivien
5593,Castellón,Nordrhein-Westfalen,E3M6J3,Seychelles
5460,Port Andre,,60236,  Bahamas  
5282,Álava,Schleswig-Holstein,2948,Äthiopien
5056,Bonneau%,Washington,44181,Groenland
5008,Cabreraside,northern territory,82489,Croatia
5652,Álava,West Virginia,23356,San Vicente y las Granadinas
5516,RémyVille,South Australia,17474,Romania
5426,Guben,Santa Cruz de Tenerife,15136,French Guiana
6132,Aurich,Berlin%,SG9 9SD,San Marino
5313,Santa Cruz de Tenerife,Tarragona,08837,Malaysia
5035,petersonton,Thüringen,09065,Liechtenstein
  5947  ,,Lleida,,USA
6121,Lake Christinaburgh,Bremen,10740,Ukraine
5118,Garcialand,Berlin,76903,  Tonga  
5738,South Christopher,Hessen,9306,New Zealand
6359,North Timothyshire,la coruña,P7M6P8,Malaysia
  6148  ,West Carolefort,Schleswig-Holstein,92731,Islande
, ,,,
5706,Stevenmouth,New South Wales,29016,Afghanistan
5502,Las Palmas,Ourense,23740,Bouvet Island (Bouvetoya)
5755,Wiedenbrück,  Schleswig-Holstein  ,FY5A 0AA,Uruguay
5433,Lagarde,Texas,03931,Argentina
5867,Andreaberg,Murcia,26970,El Salvador
6497,Franklinview,Florida,43952,United Kingdom
"Geoffrey ford""",,-27.394561,89.691471,False
6336,Hamburg,Minnesota,  PE7 1BB  ,British Virgin Islands
6252,Marchand,León,TR1E 4JW,Mayotte
5676,Sylviaborough,Western Australia,01127,  Antigua und Barbuda  
5974,Palencia,Maryland,S29 6SL,Austria
5672,Alexanderburgh,Hessen,2985,India
6071,Webbmouth,Australian Capital Territory,27512,Reunion
5857,Pottier-les-Bains,New Mexico,Y7B 4C1,Greenland
5879,Sainte Pauline,Brandenburg,65169,Schweden
6174,Alexandratown,Montana,48082,Montenegro
6364,Neveu,Australian Capital Territory,0852,Guam
5396,Johnport,Saarland,27464,Swaziland
5301,Fordberg,Cádiz,25275,Luxemburg
  5966  ,Baleares,Michigan,M70 7NU,Gabon
5280,CIUDAD,,SW1A 1AA,
5141,  Elizabethburgh  ,  Alabama  ,02758,Suède
5707,Clarketon,New South Wales,47962,Brazil
6326,Autumnshire,Guipúzcoa,L5 1UP,Poland
6168,Léger,Michigan,2427,Sri Lanka
6323,Smithside,Sachsen,42077,Sierra Leone
6046,Andrewtown,Granada,01182,San Marino
5851,Bamberg,Montana,99530,Puerto Rico
6422,  Sainte Christiane  ,Queensland,10448,Lithuania
5988,Zamora,Wisconsin,  2803  ,Yemen
5136,South Kiara,Northern Territory,70035,Albanie
5504,New Samanthaport,Victoria,92342,Micronesia
"Kaur lane""",Flat 28 ,  -5.909786  ,11.963022,True
5495,South Stephanie#,Málaga,T2L 1P7,Wallis und Futuna
5186,,New South Wales,,RO
5388,Guipúzcoa,Western Australia,95995,Grenade
6067,Peron-la-Forêt,Tennessee,00922,Guyane française
"Coleman lock""",,68.3678925,-171.40822,True
5197,Clément-la-Forêt,Tasmania,ZE82 2JZ,Gabón
6361,Ricestad,Álava,29434,  Saint Kitts and Nevis  
  5010  ,North Katychester,Sachsen-Anhalt,2900,puerto rico
5306,Ashleyport,South Australia,IG40 5NT,Niger
"Frank crescent""",,-5.0063985,-112.100049,True
5021,Kelleytown,Nordrhein-Westfalen,TN99 7TT,Falklandinseln
6056,Rochlitz,Queensland,S51 9BG,Lao People's Democratic Republic
5107,Pasquier,Niedersachsen,  73471  ,Vanuatu
5051,Celle,Asturias,  S85 6AL  ,Brunei
6213,  Sainte Pierre  ,Arkansas,  L6K 7C7  ,Géorgie
5238,Angelachester,Bayern,41431,Marshall Islands
6128,Olivier-sur-Mer,South Carolina,30148,Cook Islands
,,,,SZ
5968,Port Kelsey,Tasmania,41829,Iran
6149,South Melissastad,Oklahoma,  Y7K1S8  ,French Southern Territories
5235,  Marktheidenfeld  ,Australian Capital Territory,52407,Lettland
  6028  ,Saint Thomas-sur-Mer,Georgia,48774,Honduras
5661,La Rioja,Álava,N2M 3S9,Guam
5890!,North Michael,North Dakota,62840,Poland
5967,Bouvier,New York,06363,France
  6190  ,saint étienne-sur-mer,gu,990,
5038,Barkerfurt,Thüringen,2490,Saint Pierre and Miquelon
6374,Hettstedt,California,2679,Libanon
5704,Saint PénélopeBourg,Hamburg,16897,Micronesia
5651,Priceview,guipúzcoa,S6N5G9,Liechtenstein
5343,Mainburg,Niedersachsen,97243,Guam
5406,Lake Joshuamouth,Hamburg,BD8H 0WE,Portugal
5861,Rileyberg,Badajoz,G4L1R2,Uzbekistán
5146,Lake Lori,Pennsylvania,08545,Österreich
5349,Frederickhaven,Girona,07664,United States Virgin Islands
5788,Neustadtner Waldnaab,New South Wales,48629,Géorgie
5976,Lake Kenneth,Nordrhein-Westfalen,97195,saint-marin (rép. de)
6014,Abigailberg,Mecklenburg-Vorpommern,C9V3S3,Saudi Arabia
5839,Gomezmouth,Cádiz,S7M 9R4,Griechenland
5506,Mittweida!,Almería,07669,Switzerland
5063,East Randallton,Indiana,G6L 2M1,San Marino
6453,Daviestown,Guadalajara,57858,Kokosinseln
5137,East Karenshire,  Huelva  ,2942,Falkland Islands (Malvinas)
5109,Badoberan,Sachsen,13983,Cote d'Ivoire
5917,Paynestad,Australian Capital Territory,1204,Jordan
6214,Burglengenfeld#,Melilla,M8T8E9,Argentina
6123,Sankt Goar,Kentucky,  90618  ,Antigua and Barbuda
5156,Soest,Segovia,Y3P 7K5,Samoa
5291,PORT KENNETHVILLE,Pontevedra,41345,Bahrain
5365,St. Christian,Palencia,66897,Tunisia
6355,Regensburg,Iowa,E2V8V1,Antigua and Barbuda
5545,123,Bavaria,,AM
5773,Port Allisonmouth,Tasmania,V3Y 7X1,Djibouti
5515,Erfurt,  Western Australia  ,45465,Vietnam
5745,South Jamesville,Sachsen-Anhalt,J2R7P8,"Corée, Sud"
"Jones garden""",,25.6482185,-171.178473,
5129,Salamanca,Minnesota,  64019  ,Congo
5921,Sainte ZoéVille,Thüringen,25781,Finland
6236&,Navarra,Baden-Württemberg,C8M 2E7,LIBERIA
5715,Lake Saraton123,La Coruña,29322,Israel
5520,East Robertside,,100-0001,
5030,New Christina,Lleida,XXXXX,GB
6416,Eutin,Sachsen,22598,Gambia
5720,,,00000,GB
6413%,South Tombury,Guadalajara,39709,Sudan
5466,Richardhaven,North Carolina,51794,Anguilla
6489,Tamaraview,Sachsen-Anhalt,2683,Rwanda
  5786  ,Deggendorf,Madrid,73453,British Virgin Islands
6116,Segovia,  Australian Capital Territory  *,G09 4AD,Nicaragua
5230,South Charliemouth,Granada,33662,KYRGYZ REPUBLIC
  6405  ,  Port Jamieside  ,Vermont,SK69 4EZ,Francia
6001,Royer-la-Forêt,Córdoba,67501,Französisch-Polynesien
5207,Jeremyhaven,Pontevedra,81119,Simbabwe
5447,Jenniferbury,Bayern,B0 3NU,United States of America
5758,West Jenniferview,Victoria,5136,South Georgia and the South Sandwich Islands
6435,TERUEL,Ceuta,55816,Malta
5467,Port Shaun,Schleswig-Holstein,09598,French Guiana
5678,Molinaburgh,Michigan,80248,Géorgie
5492,Parchim,Western Australia,45731,Seychelles
5489,Robertville,Cáceres,41705,Dominica
5061,Schlüchtern,Baden-Württemberg,SN4 5AG,China
5434,Lake Cindy,Oklahoma,R8H2R5,Kuba
5025,123,  Wisconsin  ,,Irak
6271,Neu-Ulm,Schleswig-Holstein,78846,Uzbekistán
5641,  Königs Wusterhausen  ,  Burgos  ,K6H 8J1,Mauritania
5828,Evansfurt@,New South Wales,00962,Martinique
5907,Greenfort,Delaware,2662,Sri Lanka
5996,North Dennisside,Ourense,97919,Luxembourg
6158,Colemanhaven,Australian Capital Territory,80018,Ecuador
5073,Girona,Wisconsin,LD8 6DJ,Mónaco
6164,  Hohenstein-Ernstthal  ,Queensland,  X5R 8M7  ,Albania
"O'Connor extensions  """,  Suite 367  ,89.857381,155.599281,
5054,South Joshuaville,Ávila,90053,Solomon Islands
5139,Hunterhaven,Las Palmas,18892,Belize
5685,Jonestown,vizcaya,60423,Tonga
5032,Unknown,Michigan,,Canada
5748,New Brandishire,  Baden-Württemberg  ,2965,Mónaco
5852,Las Palmas,Tarragona,46259,  Iceland  
5083,New Heather,Cantabria,18291,Bélgica
5265,Ribnitz-Damgarten,Cádiz,15985,Zimbabwe
5991,Ceuta,South Carolina,95418,Jersey
6368,East John,South Australia,46916,China
5936,Albert,Pennsylvania,  49588  ,Angola
6111,Guadalajara,Almería,B3P5G5,Cote d'Ivoire
"Carolyn lane""",Suite 315,66.638702,-8.567507,
  6180  ,Lefort-la-Forêt,,V7C 8J9,Liechtenstein
5802,Wolmirstedt,Álava,G9K9X6,Central African Republic
5304,Shannonstad,Illinois,2416,France
6353,Laurahaven,GEORGIA,40549,Congo
  5602  ,Francisshire,Schleswig-Holstein,95923,Chipre
"Scott plains""",Apt. 553,-33.948729,-17.36596,
5123,Fergusonchester,  Mississippi  ,13529,Mongolia
6330,NORTH MARYMOUTH,mn,355,
5581,South Gerard,Ohio,22892,Mozambique
6092,  Salamanca  ,Sachsen,  B5G 0DU  ,Kaimaninseln
5354,Geldern,North Dakota,55813,  Guam  
5140,murcia,,C4M,
5092,Angelastad,Queensland,65511,Antilles néerlandaises
 ,,,,
6318,South Kristaport,CÓRDOBA,2999,Armenia
5348,Port Lisaburgh,Santa Cruz de Tenerife,2408,Kyrgyz Republic
6051,East Tammy,Cantabria,63562,Georgia
6340,  Ribnitz-Damgarten  &,,X5J 6V7,British Virgin Islands
5770,CARONBOURG,tas,C1C,
5366,Johnsonburgh,Brandenburg,52212,Heard Island and McDonald Islands
5705,New Christian,Australian Capital Territory,L9X 9A1,Burkina Faso
5747,Orozcoland,Mecklenburg-Vorpommern,  16195  ,Gabón
5378,Jena,Pontevedra,H8A6E4,Algeria
5777,Vanessastad,Northern Territory,40561,United Arab Emirates
  6339  ,Greifswald,Sevilla#,62837,Tonga
5712,Alexanderberg,Victoria,24527,colombia
6220,Gillespieville,,66202,Burundi
5697,Martintown,New South Wales,94728,Sudan
6178,West Wayne,Nordrhein-Westfalen,33259,Cote d'Ivoire
5297,Großenhain,Tasmania,B4 1TT,Chile
5630,torresshire,nsw,    ,
6235,Sainte Stéphane,Tasmania,68208,Россия
"Wyatt islands""",,-10.439538,114.766084,
5342,Altentreptow,Sachsen,P1G3Y5,Macao
,    ,,,
6016,Zamora,Thüringen,2429,Northern Mariana Islands
"Simpson coves""",,61.833886,-18.220834,
6299,  Bakerfort  ,Niedersachsen,34852,Heard et McDonald (Îles)
5827,León,Georgia,04989,Bolivien
6008,Burgos,Illinois,01535,Filipinas
6375,,Schleswig-Holstein,,Fiji
5840,,,00000,
6212,Laurent,Sachsen-Anhalt,E5J 6G2,Danemark
5743,Quinnberg,Wyoming,LU6H 1LQ,États-Unis
5181,South Traceymouth,Sachsen,62120,Congo
  5729  ,New Diana,Utah,2453,Angola
5239,Saint Monique-sur-Mer,Cantabria,L9S 8XS,Bolivien
5376,Soria,Niedersachsen,47383,Faroe Islands
"Brown square""",Studio 09E,-43.4167785,118.387832,True
6363,Humbert-sur-Giraud,Australian Capital Territory,4243,Djibouti
5230,South Charliemouth,Granada,33662,Kyrgyz Republic
5904,Barbarafurt,Schleswig-Holstein,L0 4FJ,Singapore
5734,Ciudad,Sachsen-Anhalt,E3B 5M7,Fiji
6260,,,,
6398,Gemmaville,Castellón,27003,GUINEA BISSAU
6348,Thompsonborough,Álava,W6 7UB,Niederländische Antillen
,,,,
6316,East Dustin,Tennessee,48597,Britische Jungferninseln
6057,Albacete,Sachsen,2629,Croacia
5919,Ollivier-sur-Delahaye,Huelva,DL9Y 3EZ,Norfolk Island
5594,Nathanport,Saarland,49838,Korea
6052,South Ianview,Oregon,HR91 2RT,Reunion
6333,Ahaus,Navarra,97412,Niger
  5427  ,Toledo,Granada,44204,Congo
5764,South Chelsea,UTAH,04043,United States Virgin Islands
6345,Mahmoodshire,Colorado,09274,BRITISCHE JUNGFERNINSELN
5666,Tessier-les-Bains,Sachsen,04743,Oman
6482,Lake Ryan,Berlin,04269,Tschad
5604,Ramos-sur-Blondel,Hawaii,14738,Wallis and Futuna
6462,Mcdonaldton,  Ávila  ,W2J 2RW,South Africa
6446,  Delaunay-sur-Mer  ,Virginia,02760,Latvia
5132,Michelleberg,Queensland,HG3X 7FY,Grönland
5597,Lake Ashley,Nordrhein-Westfalen,21557,Ukraine
5362,Peterberg,Hessen,67566,Guadeloupe
5211@,Rockenhausen,North Dakota,49656,Eritrea
6264,Weiss,  Saarland  ,S7V6G6,Swaziland
5626,Audreyton,Salamanca,2920,La Barbad
5454,Schwäbisch Gmünd,Western Australia,FK3 2TJ,Sierra Leone
,,,  N/A  ,
5286,Meiningen,Brandenburg,10058,Montserrat
6443,Huelva,Northern Territory&,27384,Hong Kong
5553,New Claremouth,Arkansas%,59708,Bangladesh
5849,Samanthafurt,Sachsen-Anhalt,  2920  ,Australia
5830,Almería,Palencia,2901,Argentina
6423,east andrew,New South Wales,93507,Guinea Ecuatorial
6185,West Patricktown,Albacete,14413,Svalbard & Jan Mayen Islands
5478,New Justin,Nordrhein-Westfalen,28178,Gabun
5736,East Barbarashire,Iowa,36744,Tajikistan
5151,South Brentshire!,Toledo,2920,Hong Kong
, ,,,
6077&,Tarragona,New South Wales,4167,Turks et Caïques (Îles)
6346,CARON-SUR-LE ROUX,Sachsen,50727,Korea
5026,Amandafort,Missouri,H9T1G7,Namibie
5488,Baleares,Massachusetts,53795,  Monaco  
6221,North Kimberly,Alabama,2421,  Sweden  
"Jones springs""",,3.629952,173.608331,True
6429*,Port Sylvia,Álava,NG6E 6TS,Bosnia and Herzegovina
"Gavin burgs""",,,,
5710,Fournierdan,Minnesota,M1X 2H3,Serbien
5696,Angermünde,Michigan,92383,Jersey
5560,  STEVENLAND  ,,SW1A 1AA,
6321,Petit-la-Forêt,Palencia,C9A1J4,British Virgin Islands
5952,Barrettville,Massachusetts,52438,Mexico
6448,Johnshire,Tasmania,79965,Tunisie
6387,Mauricefurt,Berlin,78322,Cayman (Îles)
6424,Alexisbury,Queensland,38840,BAHAMAS
5284,  Pontevedra  ,Virginia,11823,Samoa
"Howard hill""",FLAT 74 ,24.617482,178.403855,
6133,  Alishaport  ,Bayern,2675,Lesotho
5829,  St. Sandra  ,La Coruña,2631,  Myanmar  
6415,South Gailtown,Queensland,A3B 7M7,Croatia
5669,new barry,Western Australia,46295,Barbados
5216,Leblanc,North Carolina,T4R6V8,Litauen
5411,East Amber,Queensland,48633,Cocos (Keeling) Islands
5810,St. Jennymouth#,Ceuta,,United States
5929,  Linhaven  ,Cantabria,V7A2Y4,Eritrea
,,,,
6459,Marin,Zamora,G0G 2GW,Tonga
5541,Ribeiro,South Australia,76958,French Polynesia
5186,Cherylborough,Montana,UB35 6BY,Sierra Leone
5977,Port Jennaton,Northern Territory#,58317,Niue
5135,  West Brittneyhaven#  ,Álava,  91674  ,Svalbard & Jan Mayen Islands
6141,Port Margaret,South Australia,65553,Costa Rica
6245,Port Jenniferport,Bayern,H7Y 8L3,Tadschikistan
5493,Jasonshire,Nordrhein-Westfalen,28123,Hungary
5464,North Michaelmouth,Kansas,Y4E 1C5,Micronesia
5087,  Segovia  ,Victoria,81131,Tuvalu
  5690  ,Königs Wusterhausen,QLD,XXXXX,GB
5681,Port Richard,New South Wales,13517,Andorra
5973,West Huntermouth,Sachsen-Anhalt,N9K 1V2,Namibie
5586,Valentin,  Wisconsin  ,M03 9QN,Western Sahara
5076,Johnchester,New South Wales,46169,Monaco
5719,  Sevilla  ,Western Australia,30655,Zambia
6035,South Hilaryfurt!,Northern Territory,2335,Saint Lucia
5369,Teruel,Oregon,81813,Moldavie
5099,West Benmouth,Hamburg,97050,Somalia
5131,South Jasonshire,Sachsen-Anhalt,G3W 0YQ,Féroé (Îles)
  5561  ,North Ianland,Tasmania,80120,Croacia
5913,Port Catherineview,Tasmania,85978,Nicaragua
5332,  BriandVille  ,Northern Territory,A9L 3L1,Malta
5317,East David,Nevada,10760,  Botswana  
5024,Santa Cruz de Tenerife,Thüringen,47143,Grenada
6159,Lüdinghausen,Bremen,b1s3y7,República Federal Democrática de Nepal
6208,Álava,Northern Territory,13837,Uganda
5364,Waldmünchen,Melilla%,15893,Kenya
5094,Rostock,Cáceres,80838,Suisse
5613,HardyVille,Mecklenburg-Vorpommern,52129,Tajikistan
5240,,,99999,Canada
5723,Jaén,Western Australia,2995,Burkina Faso
5527,Johnsonstad,Santa Cruz de Tenerife,37477,Ireland
 ,,,,
6068,Palencia,Western Australia,10368,Kuwait
5565,Fouchernec,Ciudad,N5V1R4,Pakistán
5781,Álava,Texas,34678,Netherlands Antilles
6302,  Gerolzhofen  ,Niedersachsen,X6N 4S6,United States Minor Outlying Islands
6142,West Dannytown,Berlin*,69202,Vanuatu
5356,East Charles,Badajoz,28261,Gabon
5742,Port Darrenmouth,Hessen,2619,  Cambodia  
6102,New Virginiaburgh,Australian Capital Territory,V8A 5V6,Guatemala
  5895  ,North Evelyn,Minnesota,77756,Bermudes (Les)
5103,Unknown,LA,,GB
6486,Füssen,Saarland,50439,Sierra Leona
5882,Ávila,Brandenburg,H8P 6L1,  Finland  
5769,Badajoz,Mecklenburg-Vorpommern,NG75 9FS,Chile
5319,Huesca,WESTERN AUSTRALIA,25663,Égypte
5452,Kevinbury,niedersachsen,16275,Aruba
5902,Port Holliebury,Colorado,87605,Grönland
6139,  Chadmouth  ,Madrid,J9X9C1,Mónaco
5441,South Gregory,Bremen,45152,Lithuania
6172,New Krista,La Coruña,RM4 9GR,Túnez
5914,Allenfort,New South Wales,43451,Martinique
  5222  ,Granada,Bayern,2520,Suriname
6320,,,,USA
6408,Heatherville,Palencia,44708,Israel
5387,Heiligenstadt,Northern Territory,2939,French Guiana
6122,East Jasmineborough%,Sachsen,18194,Saint Lucia
6383,Turnermouth,ASTURIAS,43265,Gabon
"Stephens shoals""",Suite 231,76.2268315,141.419785,False
5195,  NORTH BRIANVIEW  ,Oregon,15918,Ireland
5878,Lévy,Hamburg,R3M 9R1,Grenada
5041,  West Samuel  ,Baleares,83079,São Tomé et Príncipe (Rép.)
,NULL%,,,
6125,,Michigan,,Gambie
5657,hobbsmouth,Lleida,31434,Cape Verde
"Elliott light""",,8.1695445,53.206667,
6401,North Callum,South Australia,49296,Samoa
5064,Baudrynec,Girona,53589,Greece
5765,Lake Carolhaven?,Toledo,09111,Argentine
6403,COUSIN-LA-FORÊT,Santa Cruz de Tenerife,05697,Irak
6224,East Rebeccamouth,West Virginia,01626,Antarctica (the territory South of 60 deg S)
5444,Olivermouth,  Hawaii  !,74167,Maldives (Îles)
5258,Saint Emmanuelle,Hessen,24728,  Azerbaijan  
6397,West Kennethton,Texas,75663,Eslovaquia
6094,Palencia,Western Australia,  W03 2NN  ,Tanzania
6306,West Joshuafort,Victoria,E40 1HD,Irlande
5640,München,,75001,
5554#,Henry,South Australia,OL1 8YR,Morocco
6244,Port Naomi,Vizcaya,40982,Danemark
5510,Bad Langensalza,Bremen,99999,Great Britain
6490,Ebern,Cuenca,64489,Anguilla
5163,Port Charlottehaven,Murcia,93741,  United Kingdom  
6213,Sainte Pierre,Arkansas,L6K 7C7,Géorgie
6386,Aubert,Cáceres,32184,Guatemala
  5463  ,schneider-sur-mer,Cáceres,X4R 7G1,India
5815,East Monica,Alaska,10778,Niger
"Lesley harbor""",,-38.2318785,148.608042,True
5512,Darmstadt,Saarland*,79949,Bangladesh
5001,Aue,Mecklenburg-Vorpommern,E81 0AD,Djibouti
5529,East Jamesshire,Sachsen-Anhalt,84634,Turkey
5281,Weißwasser,Queensland,93962,Austria
6238,Huelva,Almería,02930,Bosnia and Herzegovina
5214,Jenniferton,Western Australia,1384,Antigua and Barbuda
5264,Segovia,Western Australia,LE8N 6BW,Mongolia
  5761  %,Sainte René-sur-Mer,New South Wales,JE9X 2WY,Rumänien
  6391  ,Laurenfurt,Missouri,E6J 8QD,Tchad
5792,Morvan,Hawaii,N0 8SZ,San Marino
6155,guyon,Salamanca,59227,Lettland
5759,Clarkchester,  Salamanca  ,  X2H 1G5  ,Azerbaiyán
6371,South Eleanor,Nevada,12025,Georgia
6390,Wileyport,Queensland,08090,Aruba
5031,Ávila,Schleswig-Holstein,OL96 0UP,Libyan Arab Jamahiriya
"Humphreys path""",,,,
6281,East Sydney,Cantabria@,  2610  ,Puerto Rico
6265,Hamel-les-Bains123,Ciudad,45510,Burkina Faso
5233,Fionaville,Zamora,B9 9FQ,Bolivia
5275!,123,Mississippi,,  Arménie  
5276,New Jacqueline,Sachsen-Anhalt,WR2 0DA,Saint Helena
6317,Teruel,Victoria,50321,France
5568,Carlsonside,Minnesota,6039,Seychelles
"Austin rue""",Flat 73,-33.29775,53.753934,True
5142,Norden,Málaga,V3H 5P2,Roumanie
  6131  ,  Toledo  ,New Hampshire,32633,Congo
  5312  !,Hansenmouth,Australian Capital Territory,01160,Estonia
6157,Kitzingen,Girona,25252,Bermuda
6019,Sainte Anne,Baden-Württemberg,E2B 3H6,Congo
5173,thomasburgh,New York,N8B 5A4,Croacia
5226,Lake Glen,Santa Cruz de Tenerife,G00 5UT,  Reino Unido de Gran Bretaña e Irlanda del Norte  
6085,vizcaya,Baden-Württemberg,UB48 1QY,Luxembourg
6362,Besnarddan,Pontevedra,B3J7S4,Lao People's Democratic Republic
6136,East Anne,West Virginia,86942,Italy
5578,New Angelafort,Victoria,17487,Trinité et Tobago
6063,Port Victoria,Alabama,41642,Saint Barthelemy
5557,Thomas,Rheinland-Pfalz,48849,Macao
6288,Lenoir,Rheinland-Pfalz,  59452  ,Costa Rica
5701,St. Samuelmouth,Ávila,2753,Haiti
5201,Charles,Washington,02942,Pakistán
5121,Voisin,Hamburg,2944,San Marino
5780,,,00000,United Kingdom
5131,South Jasonshire,Sachsen-Anhalt,G3W 0YQ,Féroé (Îles)
6079,Sainte Huguesnec,Northern Territory,53663,Pakistan
5811,Harristown,Niedersachsen,17639,Taiwan
5724,Rebeccaburgh,Alicante,01604,Jordanien
5649,Husum,  Mississippi  ,23731,Nigeria
6417,Valladolid,Pontevedra,  2610  ,Albania
6010,North Alyssa,New York,G6T4K7,Cayman Islands
"Billy corners""",,76.3642,120.655059,False
6469,Benjaminstad,Illinois,TF93 6RY,Timor-Leste
6147,Robertfort,baden-württemberg,16197,Mali
5373,Hannoversch Münden,León,83836,Croatie
6053,Lake Anthony,Baleares,2680,Montserrat
5979,New Johnfort,Louisiana,A8H 8E1,Germany
"Ross view""",,,,
6372,South Danielle,Louisiana,81970,Haiti
5627,Padillaberg,Castellón,48453,São Tomé et Príncipe (Rép.)
5951,Bruneau,Tennessee,L1T 0JS,Ireland
5656,Kelheim,Granada,33052,Mayotte
6305,Wittenberg!,Bremen,N9P2A5,Côte d’Ivoire
5692,Le Gall,Málaga,2989,Neuseeland
6382,Port Brooke,Northern Territory,2644,Saint Lucia
6015,cisnerosberg,Berlin,56518,República Árabe Siria
5721,North Jason,Pennsylvania,19857,Kiribati
5283,Labbé,  Tasmania  ,02788,Switzerland
5003,Fischer,Arizona,41316,Korea
5537,LeclercqVille,Albacete,M9S 3T8,Uruguay
6385,Bevanbury,Schleswig-Holstein,E33 7JL,Egypt
6144,Lake Leslie,Madrid,x4s4x6,Portugal
6434,  South Alex  ,Barcelona,  N02 0HL  ,  Burkina Faso  
6498,Nabburg,Illinois,S2H 8SD,Lithuania
"Richard trail  """,,,,
5012,Hortonside,Burgos,DN0 5BB,Macédoine du Nord
6222,Dukeville,Baleares,16596,Sierra Leone
5848,Carolfurt,Álava,03748,Polynésie française
5005,Lake Chelsea,Sachsen-Anhalt,51470,BURUNDI
6225,,Queensland,,France
6146,East Karenbury,Bayern,NN71 6XZ,Samoa
5414@,Chapmanborough,Alabama,33813,Sierra Leone
5903,Velazquezhaven,Zaragoza,56980,United Kingdom
6354,Lugo,Rheinland-Pfalz,J1P3E2,Australia
5249,Lake Toddside,Idaho,W8T 0JW,Grenada
5596,  Mallet-sur-Lopez  ,Arkansas,48574,Latvia
6090,Saint ThéophileBourg,Indiana,73607,  Canada  
6075,123,  Niedersachsen  ,,Iraq
5414,,Ontario,,SK
5757,Dupont-sur-Bouvier,Lugo,66973,Lao People's Democratic Republic
5432*,Lake Shaun,Oklahoma,C5E 6X9,Jamaica
5808,West Catherine,Guadalajara,Y3L7V3,República Democrática Popular Lao
6290,Chapmanshire&,Schleswig-Holstein,,GB
5533,Donnellyborough,Western Australia,22360,Italy
6308,West Charles,Australian Capital Territory,ML5 4SP,  Tanzanie  
6113,Leipziger Land,Mississippi,02377,Vanuatu
5680,South Jennifer,,SW1A 1AA,
5339,Williamsonview,New South Wales,E7A 8X8,Czech Republic
6041,Port Frankport,Tasmania,38374,Taiwan
5934,East Ellenchester,Huesca,01701,  Togo  
6431,Wilsonburgh,Arizona,8831,North Macedonia
5941,Ginaview,Cantabria,ST0Y 3NN,Kenya
6239,La Coruña,Bremen,L36 1XA,Chile
6191,Port Samanthachester,Vermont,G7X1Y7,Saint Lucia
5009,  MATHIEU-SUR-MER  ,New South Wales,Y1K 2K1,Bangladesh
5128,Connorburgh,Bremen,49528,Burundi
5033,Jerryborough,Brandenburg,33749,Perú
5311,Lacombe-les-Bains,  Northern Territory  ,26019,Micronesia
6270,New Charles,Thüringen,68474,Angola
5246,St. Randall,  Queensland  ,M6 9DE,Komoren
5944,South Samantha,Guadalajara,12173,United States Minor Outlying Islands
5881,South Jasminestad,Tasmania,18566,Zentralafrikanische Republik
6095,Port Thomaston,Berlin,2692,Qatar
5039,Manuelville,Tasmania,2920,Panama
5126,Courtois,  Tasmania  ,  54573  ,South Georgia and the South Sandwich Islands
6334,Pontevedra,Tasmania,CB6M 8JW,Somalia
5103,BAUDRY,Northern Territory,E2J9V8,Bahrein
5398,Guipúzcoa,Victoria,2998,Greece
5287,Grimmen,Tasmania,5087,Jordan
6494,New Crystalburgh,Maryland,25527,French Polynesia
5368,Samsondan,Burgos,48701,Benin
5241,  New Yesenia  ,Huelva,  P6S4S9  ,Honduras
6473,Baleares,Australian Capital Territory,44193,Saint Kitts and Nevis
5503,South Kevinchester,Baden-Württemberg,33456,Guernsey
5383,Johnfort,Tasmania,04567,Islas Salomón
5812,West Brianbury,  Valladolid  ,63836,Croatia
6381,New Josephbury,Tasmania,  67854  ,Kiribati
6248,Victoriaburgh,Huelva,  TW42 6GQ  ,Puerto Rico
5523,Alicante,western australia,  10704  ,Namibia
6182,Kusel,Nebraska,32933,Guadeloupe
"Paul dam""",Suite 717,,,False
6231,Saint Guillaume,Victoria,09457,República Democrática Popular Lao
  5598  ,Dieburg,Tennessee,2606,Nigeria
